,word,meaning_jp,meaning_cn,example_jp,example_cn
0,かわいい,1. 外見や性格が可愛らしい,1. 可爱的外貌或性格,A: あの子はとてもかわいいね。B: そうだね、性格もいいし。,A: 那个孩子很可爱。B: 是啊，性格也很好。
1,かわいい,2. 大切に思えて愛おしい,2. 珍爱，心爱,A: 彼女がくれたぬいぐるみがかわいいんだよ。B: そっか、大切にしようね。,A: 女朋友送我的毛绒玩具很可爱。B: 是啊，一定要珍惜它。
2,かわいそう,1. 可怜、可憐、可哀想,1. 可怜、可怜巴巴、可怜可悲,A: 今日は妹さんが泣いていた。B: かわいそうに。A: でも、あなたは彼女を慰められたでしょうか？,A: 今天妹妹哭了。B: 可怜巴巴的。A: 但是你安慰了她吗？
3,かわいそう,2. 令人遗憾、不幸,2. 可惜、遗憾、不幸,A: 昨日、試験に合格しなかった。B: かわいそうに。もう一度頑張りましょう。,A: 昨天考试没通过。B: 可惜啊。再努力一次吧。
4,きゅうり,1. 一種の野菜で、緑色で長さが数十センチになる。,1.一种蔬菜，长约数十厘米，呈绿色。,A: 今日のお弁当には、きゅうりが入っているね。B: そうだね、きゅうりはサッパリしてて美味しいよね。,A: 今天的便当里有黄瓜呢。B: 是啊，黄瓜很清爽好吃。
5,きゅうり,2. （口語）のどの渇きを癒すために飲む、塩味のある飲み物。,2. 一种咸味饮料，用于解渴。,A: 暑いね、きゅうり飲みたいな。B: きゅうりって、のどの渇きを癒す効果があるんだよ。,A: 真热啊，想喝黄瓜。B: 黄瓜对解渴很有效哦。
6,きれい,1. 綺麗である、美しい,1. 美丽，漂亮,A: この花、とてもきれいだね。B: うん、色も形も綺麗だよね。,A: 这朵花真漂亮。B: 是啊，颜色和形状都很美。
7,きれい,2. 汚れがない、清潔である,2. 干净，清洁,A: 今日は洗濯日和なので、部屋をきれいにしたい。B: そうだね、掃除機をかけてから拭き掃除しよう。,A: 今天是洗衣日，所以我想把房间打扫干净。B: 是啊，先用吸尘器吸尘，然后擦拭一下。
8,きれい,3. 順調である、整然としている,3. 顺利，整洁,A: 今日の会議はどうだった？B: とてもきれいに進んで、議題も全て決定できたよ。,A: 今天的会议怎么样？B: 进展非常顺利，所有议题都决定了。
9,くれる,1. （他人が）自分に物やサービスを与える,1.（他人）给自己物品或服务,A: 今度の旅行に使えるように、お金をくれない？B: いいよ。いくら必要？,A: 下次旅行用的钱你能给我吗？B: 可以啊，需要多少？
10,くれる,2. （自分が）他人に物やサービスを与える（丁寧な表現）,2.（自己）给别人物品或服务（礼貌的说法）,A: お誕生日おめでとう！B: ありがとう！A: この本、プレゼントとしてあげるよ。B: えっ、それって本当にくれるの？ありがとう！,A: 生日快乐！B: 谢谢！A: 我送你这本书当礼物。B: 啊，这是真的送给我的吗？谢谢！
11,こう,1. このように、この様子で,1. 这样、这个样子,A: お土産、どうぞ。B: ああ、こう、ありがとう。,A: 这是礼物，请收下。B: 噢，这样，谢谢。
12,こう,1. このように、この様子で,1. 这样、这个样子,A: この部屋には机がある？B: あるよ。こう、この右側に置いてあるよ。,A: 这个房间有桌子吗？B: 有的。像这样，放在右边。
13,こう,2. こうした、このような,2. 这样的、这种,A: この会社の商品はどう？B: こうした小さな会社の商品だけど、品質は良いよ。,A: 这个公司的商品怎么样？B: 这种小公司的商品虽然不多，但是品质很好。
14,こう,2. こうした、このような,2. 这样的、这种,A: 明日の天気はどうだろう？B: こうした時期は晴れることが多いから、大丈夫かもしれないね。,A: 明天的天气会怎样呢？B: 这种季节通常是晴天居多，也许没问题吧。
15,ここ,1. 現在の場所、こころ地,1. 当前的位置、此处,A: ここに来てる人は誰？B: 田中さんと鈴木さんだよ。,A: 在这里的人是谁？B: 是田中和铃木。
16,ここ,2. これまでの時間、こころ地,2. 迄今为止的时间、此时,A: ここまでの道のりは大変だった。B: そうだね、でももうすぐ着くよ。,A: 到这里的路程很艰难。B: 是啊，但是快到了。
17,ここ,3. 目の前のもの,3. 当前的事物,A: ここにある本はどれが欲しいの？B: あの黒いカバーの本がほしいです。,A: 你想要哪一本在这里的书？B: 我想要那本黑色封面的书。
18,こちら,1. 話し手や自分が近くにいる人やものを指して示す代名詞,1.指示代词，用于指向说话者或说话者附近的人或物,A: こちらの商品はどうですか？B: とても良いですね。,A: 这个商品怎么样？B: 非常好。
19,こちら,2. 自分や所属する組織を丁寧に表現する時に使う,2.在礼貌表达自己或所属组织时使用,A: こちらは私が担当しているプロジェクトです。B: ありがとうございます。,A: 这是我负责的项目。B: 谢谢。
20,この,1. 近くにある、手元にある,1. 在附近、在手边,A: この辞書貸してくれない？B: あ、いいよ。,A: 这本词典能借我用一下吗？B: 哦，可以啊。
21,この,2. さきに出た事柄について言及する,2. 指之前提到过的事情,A: 雨が降っているから、明日のピクニックは延期になるかもしれない。B: そうね、この件については後日決めましょう。,A: 因为下雨了，明天的野餐可能要延期。B: 是啊，关于这件事我们过几天再决定吧。
22,このごろ,最近、この頃,最近、这段时间,A: このごろ、忙しいの？B: うん、ちょっと忙しいかも。,A: 最近忙吗？B: 嗯，可能有点忙。
23,これ,1. 近くにあるものを指す言葉,1. 指附近的事物的词语,A: これ、いくらですか？B: それは1000円です。,A: 这个多少钱？B: 那个是1000日元。
24,これ,2. 今話題になっている事柄を指す言葉,2. 指当前讨论的话题的词语,A: この話、知ってる？B: これ？何の話？,A: 知道这个故事吗？B: 这个？是什么故事？
25,これから,1.今から、これから先の時間,1.从现在开始，未来的时间,A: これから映画を見に行くよ。B: いいね、どの映画に行くの？,A: 我们要去看电影了。B: 好啊，去看哪一部电影？
26,これから,2. 今後、将来,2.未来，将来,A: これからの人生の目標は何ですか？B: 私は車を買いたいと思っています。,A: 你未来的人生目标是什么？B: 我想买一辆车。
27,これら,1. 2つ以上の物を指して、これらという語が使われる。,1. 指两个或两个以上的物品，使用“这些”这个词。,A: これらの果物は全部、新鮮だよ。B: そうだね、どれにしようか迷っちゃうな。,A: 这些水果都很新鲜。B: 是啊，该选哪一个呢？
28,ころ,1. 周囲の状況、状態、事情などがよくない状態であること,1. 情况不好、状态糟糕,A: 昨日はどうだったの？B: 風邪を引いて、寝込んでいたところだよ。A: ころだね、心配だったよ。,A: 昨天怎么样了？B: 感冒了，卧床休息了。A: 真糟糕，很担心你。
29,ころ,2. 事故や災害などで死亡すること,2. 因事故、灾害等而死亡,A: あの事件で、彼女はころになったんだよね。B: はい、本当に悲しい出来事でした。,A: 在那起事件中，她不幸去世了。B: 是的，那真是一件悲伤的事情。
30,こんな,1. このような、こんなに,1. 这样的、这么的,A: こんなに美味しい料理、初めて食べました。B: ほんとうですか？よかったですね。,A: 我第一次吃到这么美味的料理。B: 是吗？那太好了。
31,こんな,1. こんなに、このように、これほど,1. 这么，如此，这样,A: こんなに暑い日は、家にいたいなあ。B: そうだね、でも今日は出かけなきゃいけないんだよ。,A: 这么热的天气，真想待在家里啊。B: 是啊，但今天必须得出去。
32,こんな,2. このような,2. 这样的，如此的,A: こんな時は、どうしたらいいですか？B: もう少し考えてから決めた方がいいと思います。,A: 这种情况下应该怎么办？B: 我认为最好再考虑一下再决定。
33,こんな,2. このようなこと,2. 这样的事情,A: こんなことで悩んでいるんです。B: 大丈夫ですよ、私たちで助けます。,A: 我正在为这件事烦恼。B: 没关系，我们会帮助你的。
34,こんにちは,挨拶の言葉、日本の文化において日常的に使われる,问候语，在日本文化中日常使用,A: こんにちは、元気？B: はい、元気です。あなたは？,A: 你好，怎么样？B: 嗯，我很好。你呢？
35,こんばんは,1. 「今晩は」というあいさつの言葉,1. 晚上好的问候语,A: こんばんは、今日はお疲れ様でした。B: ああ、こんばんは。今日は忙しかったね。,A: 晚上好，今天辛苦了。B: 噢，晚上好。今天很忙啊。
36,ごみ,1. 家庭、工業などで生じる不用品、廃物,1. 家庭、工业等产生的废品、垃圾,A: 昨日、新しいごみ箱が届いたよ。B: いいね、今度は分別しやすそうだね。,A: 昨天新的垃圾桶到了。B: 太好了，这次分类更容易了。
37,ごみ,2. 無駄で価値のないもの,2. 毫无价值的东西,A: この商品、もう使わないから捨てるんだけど。B: それ、まだ使えるよ。ごみにしないで。,A: 这个商品不再用了，所以要扔掉。B: 这还可以用啊，别扔了当垃圾。
38,ごめん,1. 謝る、申し訳なく思う,1. 道歉，感到抱歉,A: 遅刻してごめんなさい。B: いいよ、大丈夫。,A: 对不起我迟到了。B: 没事，没关系。
39,ごめん,2. 許す、見逃す,2. 原谅，放过,A: あの人は何でも許せる人だよね。B: そうだね、優しい人だと思う。,A: 那个人是个什么事情都可以原谅的人。B: 是啊，我觉得他很温柔。
40,さ,1. 小さなものを表す接頭辞,1. 表示小的前缀,A: この部屋は狭いね。B: そうだね、でもこの机はさ、まあまあ広い方だよ。,A: 这个房间很狭窄啊。B: 是啊，但是这张桌子呢，算是比较宽敞的了。
41,さ,2. 好さ、特徴を表す接尾辞,2. 表示好、特点的后缀,A: あの子の性格はどう？B: うーん、おとなしいさとか、優しいさとかそういう感じだよ。,A: 那个孩子的性格怎么样？B: 嗯，感觉有点安静，还有很温柔的感觉。
42,さ,3. 終助詞,3. 终助词,A: そうだよね。B: うん、さ。,A: 是啊。B: 嗯，是啊。
43,さけ,1. 鮭,1. 鲑鱼,A: この川には鮭がたくさんいるよ。B: そうなんだ、釣りに行きたいね。,A: 这条河里有很多鲑鱼。B: 是啊，想去钓鱼。
44,さけ,2. 酒、特に日本酒,2. 酒，特别是日本酒,A: 今晩は何を飲む？B: 日本酒がいいな、さけにしようか。,A: 今晚喝什么？B: 我想喝日本酒，要不要来点酒？
45,さけ,2. 酒、特に日本酒,2. 酒，特别是日本酒,A: 日本酒はどこで買える？B: あそこの酒屋さんに行けば、たくさん種類があるよ。,A: 哪里可以买到日本酒？B: 如果去那家酒铺，有很多不同种类的酒。
46,さようなら,別れを告げる際に使う挨拶語,告别时使用的寒暄语,A: そろそろ帰らなきゃ。 B: ああ、そうだね。じゃあ、さようなら。 A: さようなら。また明日ね。,A: 快该回去了。B: 嗯，是啊。那么再见了。A: 再见。明天见。
47,さよなら,別れの言葉、さようなら、再見,离别的话，再见,A: そろそろ帰る時間だね。B: ええ、じゃあ、さよなら。A: さようなら。,A: 差不多该回去了吧。B: 嗯，那再见了。A: 再见。
48,さん,1. 尊称の一つで、男女を問わず呼びかける時に用いる。,1. 尊称，不分男女，在称呼对方时使用。,A: あの方は誰ですか？B: あの方は山田さんです。,A: 那位是谁？B: 那位是山田先生/女士。
49,さん,2. 人の名前に付ける敬称の一つ。,2. 给人名加的尊称之一。,A: 私の上司の名前は田中さんです。B: ああ、あの有名な田中さんですね。,A: 我的上司名叫田中先生/女士。B: 啊，那个著名的田中先生/女士。
50,しかし,1. しかし、しかしながら,1. 但是、然而,A: 今日の天気は晴れだけど、明日は雨が降るみたい。B: しかし、雨の後は気温が下がって過ごしやすくなるかもしれないよ。,A: 今天的天气虽然是晴天，但是明天似乎会下雨。B: 但是，下雨之后气温可能会下降，更加适合居住。
51,しかし,2. しかしながら、けれども,2. 但是、可是,A: 日本語が上手ですね。B: そうですか、ありがとうございます。A: でも、まだ漢字を読むのが難しいんですか？B: しかし、もう少し勉強すれば、読めるようになると思います。,A: 您的日语很好。B: 是吗，谢谢。A: 但是，读汉字还是很难吗？B: 不过，再多学一点，我想会能读懂的。
52,しょうゆ,1. 醤油,1. 酱油,A: お寿司にはしょうゆが必要だよね。B: そうだね、醤油がないとおいしくないよ。,A: 寿司必须要有酱油。B: 是的，没有酱油就不好吃了。
53,しょうゆ,2. ソース,2. 酱汁,A: 今晩の焼肉には、何のしょうゆを使う？B: 私は、タレを作るよ。,A: 今晚烤肉要用什么酱汁？B: 我会做调味汁。
54,じいさん,1. 老人、祖父、爺さん,1.老人、祖父、爷爷,A: あのおじいさん、毎日公園を散歩しているね。B: そうだね、健康のために散歩をしているんだろう。,A: 那位老爷爷每天在公园散步。B: 是啊，为了健康散步吧。
55,じいさん,2. 長老、ベテラン,2.长者、老手,A: 彼はこの町で一番古い商店を経営しているんだよ。B: すごいじいさんだね。,A: 他在这个镇上经营着最老的商店。B: 真是个了不起的老手。
56,じゃ,1. では,1.那么，那麼,A: 明日は一緒に映画を見に行きませんか？B: じゃ、何時に集合しましょうか？,A: 明天我们一起去看电影怎么样？B: 那好，几点集合呢？
57,じゃ,2. それでは,2.那麼，那么,A: これ以上質問はありませんか？B: じゃ、次に進みましょう。,A: 还有其他问题吗？B: 那好，我们接下来继续。
58,じゃ,3. じゃあ,3.那么，那麼,A: 今日は雨が降りそうですね。B: じゃあ、傘を持っていこうかな。,A: 今天好像要下雨。B: 那好，我拿把伞去吧。
59,じゃんけん,1. 手势游戏，石头剪刀布,1.手势游戏，石头剪刀布,A: 今日は何をしようか？B: じゃんけんで決めようよ！A: いいね！じゃあ、勝った方が決める？B: OK！,A: 今天要做什么？B: 我们用剪刀石头布来决定吧！A: 好啊！那赢家决定？B: 好的！
60,すいか,1. スイカ科の植物、またはその果物,1. 西瓜,A: 今日のお昼は何にする？B: スイカが食べたいなあ。A: じゃあ、買ってくるね。,A: 今天中午吃什么？B: 我想吃西瓜。A: 那我去买吧。
61,すいか,2. 外見は真っ黒で、内部に隠れた意外なものがあるさま,2. 外表黑色，内在却藏有意外之物的样子,A: あの人、怖いイメージだけど、話してみると意外と面白いよ。B: すいかみたいなもんだね。,A: 那个人看起来很吓人，但说起话来却很有趣。B: 就像西瓜一样。
62,すき焼き,1. 牛肉、豚肉などの薄切りを野菜や豆腐などと一緒に煮込んで食べる日本料理。,1. 一种将牛肉、猪肉等切成薄片与蔬菜、豆腐等一起煮的日本料理。,A: 今日は何が食べたい？B: すき焼きが食べたいな。,A: 今天想吃什么？B: 想吃日本的煮物“すき焼き”。
63,すく,1. 手を伸ばして掴むこと。,1. 伸手去抓住。,A: あっ！床に落ちたペンをすくれた！B: おお、ありがとう！,A: 啊！抓住了落在地板上的笔！B: 哇，谢谢！
64,すく,2. 少量のものを取ること。,2. 取少量的东西。,A: サラダに少しドレッシングをすくんでくれますか？B: はい、どのくらいですか？,A: 可以给沙拉加一点点调味汁吗？B: 好的，需要多少呢？
65,すく,3. 急いで逃げること。,3. 匆忙逃跑。,A: あの犬が追いかけてきている、早くすごく！B: 分かった！,A: 那只狗在追我们，快跑！B: 好的！
66,キス,1. 口づけ、接吻,1. 接吻,A: 今日のデートで、彼から初めてキスされたよ。B: そうなんだ、どんな感じだったの？,A: 在今天的约会中，他第一次吻了我。B: 是吗，感觉怎么样？
67,キス,1. 口づけ、接吻,1. 接吻,A: 昨夜、キスを交わした彼と別れる決心をしたよ。B: それは辛いけど、あなたが決めたことだからね。,A: 昨晚，我决定和亲吻过的他分手。B: 那虽然很痛苦，但毕竟是你自己决定的。
68,キムチ,1. 辛い漬け物の一種で、キャベツや大根、ニンジンなどを発酵させたもの。,1. 一种辣味泡菜，是用泡菜、萝卜、胡萝卜等腌制发酵而成的。,A: キムチは好きですか？B: はい、大好きです。辛くて美味しいですよね。,A: 你喜欢吃泡菜吗？B: 喜欢，很辣很好吃。
69,キムチ,1. 辛い漬け物の一種で、キャベツや大根、ニンジンなどを発酵させたもの。,1. 一种辣味泡菜，是用泡菜、萝卜、胡萝卜等腌制发酵而成的。,A: 韓国料理は何が好きですか？B: キムチチゲが好きです。辛くて体が温まります。,A: 你喜欢韩国料理吗？B: 喜欢泡菜汤。很辣而且能暖身。
70,キムチ,2. 韓国でよく食べられる食べ物の総称。,2. 韩国经常吃的食物总称。,A: 韓国料理と言えば何が思い浮かびますか？B: キムチ、ビビンバ、サムギョプサルなどですね。,A: 一提到韩国料理，你想到什么？B: 泡菜、拌饭、三层肉等等。
71,キャッシュカード,1. ATMで現金を引き出すためのカード,1. 取款卡,A: お金がないんだけど、どうしよう。B: キャッシュカードがあるでしょ？ATMでお金を引き出せばいいよ。,A: 我没钱了，怎么办呢？B: 你有取款卡吧？在ATM机上取出钱来就可以了。
72,キャッシュカード,2. クレジットカードのように使用できるカード,2. 可以像信用卡一样使用的卡片,A: あのレストランで食事したいけど、現金がないわ。B: 大丈夫、キャッシュカードで払えばいいよ。,A: 我想在那家餐厅吃饭，但没有现金。B: 没问题，可以用取款卡支付。
73,キャベツ,1. ヨーロッパ原産の一年草。晩秋から初夏にかけて栽培され、野菜として食用にされる。,1. 欧洲原产的一年生植物，从晚秋到初夏种植，作为蔬菜食用。,A: キャベツを刻んでサラダにしよう。B: いいね、健康的で美味しいよね。,A: 把卷心菜切碎做成沙拉吧。B: 好啊，健康又好吃。
74,キロ,1. キログラムの略称,1.千克的缩写,A: この荷物、重さは何キロだった？B: 5キロだったよ。,A: 这个包裹重量是几公斤？B: 5公斤。
75,キロ,1. キログラムの略称,1. 千克的缩写,A: この荷物の重さは何キロだろう？B: 約10キロぐらいかな。,A: 这个包裹重量大概是多少千克呢？B: 大约10千克左右吧。
76,キロ,2. キロメートルの略称,2. 千米的缩写,A: ここから駅までの距離はどのくらい？B: 約2キロメートルだよ。,A: 从这里到车站有多远？B: 大约2公里。
77,キロ,2. キロメートルの略称,2. 千米的缩写,A: この道路はどのぐらいの長さですか？B: 約10キロメートルです。,A: 这条道路有多长呢？B: 大约有10千米。
78,キログラム,1. 質量の単位で、SI単位系において1メートルの長さの鉄棒の中央部につけられたプラチナ・イリジウム合金製の基準物の質量を1キログラムとする,1. 质量单位，SI单位制中将质量为1公斤的铂-铱合金标准器标定在一米长的铁棒的中央部分,A: この荷物の重さはどのくらい？B: 10キログラムです。,A: 这个包裹有多重？B: 10公斤。
79,キログラム,1. 質量の単位で、SI国際単位系で使用される重さの単位,1.质量单位，用于国际单位制中的重量单位,A: この荷物、重さは何キログラム？B: ５キログラムだよ。,A: 这个行李重量有几公斤？B: 5公斤。
80,キログラム,2. 質量を表す単位,2. 表示质量的单位,A: 体重は何キログラムですか？B: 60キログラムです。,A: 体重是多少公斤？B: 60公斤。
81,キロメートル,1. 長さの単位で、1000メートルのこと。略称は「キロ」。,1.长度单位，等于1000米。简称“公里”。,A: あの山までの距離は何キロメートルですか？B: 約10キロメートルです。,A: 那座山离这里有多远？B: 大约10公里。
82,キロメートル,1. 長さの単位で、1000メートルのこと。略称は「キロ」。,1.长度单位，等于1000米。简称“公里”。,A: ここから駅までの距離は何キロメートルですか？B: 約2キロメートルです。,A: 从这里到车站有多少公里？B: 大约2公里。
83,ギター,1. 楽器の一種で、弦を弾いて音を出すもの,1. 弹弦乐器,A: ギターが上手に弾けるようになりたい。B: そうだね、がんばって練習しよう。,A: 我想要弹好吉他。B: 是啊，一起加油练习吧。
84,クッキー,1. 小型の甘い焼き菓子,1.小甜饼干,A: お腹が空いた。何か食べたいな。B: そうだね。クッキーでも食べる？,A: 我肚子饿了，想吃点什么。B: 好啊，吃点饼干怎么样？
85,クッキー,2. ウェブサイトを訪問したユーザーの情報を保存する小さなテキストファイル,2.存储访问网站用户信息的小型文本文件,A: 最近、いろんなサイトでクッキーの同意を求められるようになったね。B: そうだね。個人情報保護のためだと思うよ。,A: 最近好多网站都要求同意存储Cookie了。B: 是啊，为了保护个人信息吧。
86,クラス,1. 学級、授業の単位,1.班级，课程的单位,A: 今日の数学のクラスは何時からですか？B: 3時からです。,A: 今天的数学课是几点开始？B: 从3点开始。
87,クラス,2. 等級、ランク,2.等级，级别,A: あの車はどのクラスに属していますか？B: 上級クラスです。,A: 那辆车属于哪个等级？B: 上级等级。
88,クラス,3. 種類、カテゴリー,3.种类，类别,A: この店には何種類のクラスがありますか？B: 5つのクラスがあります。,A: 这家店有多少种类别的商品？B: 有五种。
89,クラスメート,1. 同じクラスの学生,1. 同班同学,A: 明日のテスト、勉強した？B: うん、クラスメートたちと一緒に勉強したよ。,A: 明天的考试，你学习了吗？B: 嗯，我和同学一起学习了。
90,クラスメート,2. 同じクラスの生徒全体,2. 同班同学们,A: 今日はクラスメートたちと一緒にランチに行こうよ。B: いいね、どこに行く？,A: 今天和同学们一起去吃午餐吧。B: 好啊，去哪里？
91,クラブ,1. スポーツや娯楽のために集まる組織、クラブ,1.体育或娱乐活动的组织，俱乐部,A: 今週末はクラブに行こうよ。B: いいね！どのクラブに行く？,A: 这个周末我们去俱乐部吧。B: 好啊！去哪个俱乐部？
92,クラブ,2. ゴルフで使う棒の一種,2.高尔夫球中使用的一种杆子,A: 昨日、ゴルフクラブを買ったよ。B: えっ、新しいクラブがあるんだ。,A: 昨天我买了高尔夫球杆。B: 哇，你有新球杆了。
93,クリスマス,1.12月25日のキリストの誕生を祝う祭り,1.庆祝基督诞生的节日，12月25日,A: クリスマスには何をするの？B: 家族で食事をしたり、ケーキを食べたり、プレゼントを交換したりするよ。,A: 圣诞节要做什么？B: 和家人一起吃饭，吃蛋糕，交换礼物。
94,クリスマスイブ,1. 12月24日の夜、クリスマスの前日の晩,1. 12月24日的夜晚，即圣诞节前夜,A: 今年はクリスマスイブに何をするの？B: 彼と一緒にディナーを食べるつもりだよ。,A: 今年圣诞前夜你打算做什么？B: 打算和他一起吃晚饭。
95,クリスマスカード,1. クリスマスに送るカード,1. 圣诞节贺卡,A: 今年は誰にクリスマスカードを送る予定？B: 家族と友達に送るつもりだよ。,A: 今年计划给谁寄圣诞贺卡？B: 打算给家人和朋友寄。
96,クリスマスケーキ,1. クリスマスに食べるケーキのこと,1.圣诞蛋糕,A: 今年のクリスマスケーキはどこで買うの？B: いつものパン屋さんで注文したよ。,A: 今年的圣诞蛋糕在哪里买？B: 我在我们常去的面包店订购了。
97,クリスマスケーキ,2. クリスマスを祝うために飾りつけられたケーキ,2.为庆祝圣诞节装饰的蛋糕,A: クリスマスケーキって飾りがたくさんついているの？B: そうだね、イルミネーションとか飾り付けが豪華なのが多いよ。,A: 圣诞蛋糕会装饰很多吗？B: 是的，很多会有彩灯和豪华的装饰。
98,クリスマスプレゼント,1. クリスマスに贈り物をすること,1. 圣诞节赠礼物,A: 彼女に何をクリスマスプレゼントとしてあげるつもり？B: まだ決めていないけど、アクセサリーがいいかな。,A: 你准备送女朋友什么作为圣诞礼物？B: 还没有决定，也许送饰品比较好。
99,グラム,1. 重さの単位（1グラム＝0.001キログラム）,1. 重量单位（1克＝0.001千克）,A: このバターは何グラム？B: 100グラムだよ。,A: 这个黄油有多少克？B: 100克。
100,グラム,1. 重さの単位（1グラム＝0.001キログラム）,1. 重量单位（1克＝0.001千克）,A: このバターは何グラム？B: 100グラムだよ。,A: 这个黄油有多少克？B: 100克。
101,グラム,2. 結晶や微粒子の単位,2. 结晶或微粒子的单位,A: 砂糖を10グラム使うんだ。B: グラムって、微粒子の単位だったっけ？,A: 我要用10克糖。B: 克是微粒子的单位，对吧？
102,グラム,2. 音楽のリズムの単位（1拍＝4分の1拍子）,2. 音乐的节拍单位（1拍＝四分之一拍子）,A: この曲はどのくらいのテンポ？B: 100拍/分で、1拍は4分の1拍子だよ。,A: 这首曲子的节奏有多快？B: 100拍/分钟，1拍是四分之一拍子。
103,グループ,1. 一団、集団、組織,1.团体、集体、组织,A: 今日は会社のグループでランチに行くんだ。B: いいな、楽しんできてね！,A: 今天我们公司的团队要一起去吃午饭。B: 好啊，玩得开心！
104,グループ,2. カテゴリ、分類,2. 类别、分类,A: この本はどのグループに分類されますか？B: 文学のグループに入れましょう。,A: 这本书应该归哪个类别？B: 我们把它归为文学类别。
105,グレープフルーツ,1. ユズ科の常緑樹。その果実である。,1. 柚子科的常绿树。它的果实。,A: 今日は朝食にグレープフルーツを食べたよ。B: 健康的でいいね。,A: 今天早餐吃了葡萄柚。B: 非常健康，很好。
106,グレープフルーツ,2. （1で）その果実を食用とするシトラスの一種,2. （1中）食用的柑橘之一,A: グレープフルーツって苦いんだよね。B: シュガーをかけたら甘くなるよ。,A: 葡萄柚很苦呢。B: 撒些糖就会变甜的。
107,ケチャップ,1. トマト、砂糖、酢、香辛料などを混ぜて作られる、食品の調味料の一種で、主にハンバーグやフライドポテトなどにかけて食べるもの,1. 番茄酱，是一种由番茄、糖、醋和香料混合制成的食品调味品，主要用于汉堡和炸薯条等食品的调味料,A: 今日のランチには、フレンチフライにケチャップをかけたい。B: 私もそうだよ。,A: 今天的午餐想要在薯条上加番茄酱。B: 我也是。
108,ケチャップ,2. ケチャップをかけること,2. 加上番茄酱的行为,A: あの子は、ピザにもケチャップをかけるらしい。B: えっ、それって美味しいの？,A: 那个孩子似乎连披萨也要加番茄酱。B: 嗯，那是好吃的吗？
109,ケーキ,1. 西点蛋糕,1. 西式点心蛋糕,A: 誕生日に彼女に何をあげようかと思ってるんだ。B: 彼女はケーキが好きそうだから、軽井沢の有名な洋菓子店のケーキを買ってみてはどう？,A: 我在想生日送给女朋友什么好。B: 女朋友好像很喜欢蛋糕，为什么不试试轻井泽著名的西式点心店的蛋糕呢？
110,ケーキ,2. 朝鮮の音楽のジャンルの一つ,2. 朝鲜音乐的一种流派,A: 日本語以外の言語で歌われる音楽は好き？B: ケーキという朝鮮音楽は良く聴くよ。,A: 你喜欢用日语以外的语言唱的音乐吗？B: 我常听韩国音乐中的一种叫做“Cake（ケーキ）”的流派。
111,ゲーム,1. 競技、試合、遊戯、遊び,1. 竞技、比赛、游戏、玩耍,A: あの人、どんなゲームが得意なんだろう。B: RPGやアクションゲームが好きだって聞いたよ。,A: 那个人擅长什么游戏呢？B: 我听说他喜欢角色扮演游戏和动作游戏。
112,ゲーム,2. 謎解き、クイズ、パズルなどの娯楽,2. 谜题解谜、智力问答、拼图等娱乐活动,A: 次のパーティーでゲームをすることになった。B: どんなゲーム？A: 謎解きゲームだって。,A: 下次聚会决定玩游戏。B: 玩什么游戏？A: 解谜游戏。
113,ココア,1. カカオの種子から作られる、粉末状の飲み物,1.由可可豆制成的粉末饮料,A: 今日は寒いから、ココアでも作ろうか。B: いいね、久しぶりに飲みたかったんだ。,A: 今天很冷，要不要来杯可可？B: 好啊，我好久没喝了。
114,ココア,2. ココア豆から抽出される脂肪,2.由可可豆提取的脂肪,A: ココアバターって何？B: ココア豆からとれる油のことだよ。,A: 可可脂是什么？B: 是从可可豆中提取的油。
115,コップ,1. 一般的な飲み物用の容器,1. 一般用于饮料的容器,A: 水を入れるコップはどこにありますか？B: キッチンの棚の上に置いてありますよ。,A: 哪里有放水的杯子？B: 放在厨房架子的上面。
116,コップ,2. 立派な勲章・賞状のこと,2. 豪华的勋章或奖状,A: 彼はコップを受賞しましたよ。B: 本当ですか？すごいですね！,A: 他得到了勋章。B: 是吗？太棒了！
117,コピー,1. 複写すること、写しをとること,1. 复印、抄袭,A: この書類をコピーしておいてくれる？B: はい、わかりました。,A: 把这份文件复印一下，保留备份好吗？B: 好的，我知道了。
118,コピー,2. 元のものと同じものを作ること,2. 复制、模仿,A: このデザインをもう一度作ってくれる？B: はい、コピーして作ります。,A: 能再做一次这个设计吗？B: 好的，我会复制并制作。
119,コピー,3. 特定の飲み物を注文する際に、同じものをもう一度注文すること,3. 重复点同样的饮料,A: コーヒーをもう一杯お願いします。B: はい、コピーですね。,A: 再来一杯咖啡。B: 好的，重复点一样的吧。
120,コンサート,1. 音楽、演劇、ダンスなどの公演,1. 音乐会、戏剧、舞蹈等的演出,A: 今晩、コンサートに行く予定なんだ。B: え、どこのコンサート？,A: 我今晚打算去听音乐会。B: 哦，是哪个音乐会？
121,コンサート,2. 大規模な音楽会、演奏会,2. 大型音乐会、演奏会,A: 明日はビートルズのコンサートがあるよ。B: うわー、それはすごいね！,A: 明天有披头士的演唱会。B: 哇，那太棒了！
122,コンタクトレンズ,1. 直接目に付けるレンズ,1. 直接戴在眼睛上的隐形眼镜,A: 眼鏡が邪魔で、スポーツをする時にはコンタクトレンズを使うよ。B: 私もそうだよ。,A: 我戴眼镜会碍事，所以运动的时候会戴隐形眼镜。B: 我也是这样的。
123,コンタクトレンズ,2. コンタクトすること、接触すること,2. 接触、交流的意思,A: オンラインで彼とコンタクトを取れるようになった？B: はい、LINEで会話しているよ。,A: 你和他已经建立起在线联系了吗？B: 是的，我们用LINE聊天。
124,コンビニ,1. コンビニエンスストア、便利店,1. 便利店,A: 明日の朝食、どこで買おうかな。B: 近くにコンビニがあるから、そこで買えばいいよ。,A: 明天的早饭，我在哪里买呢？B: 附近有便利店，你可以在那里买。
125,コンピューター,1. 電子計算機のこと,1. 计算机,A: パソコンを買いたいんだけど、どこのメーカーがいいと思う？B: 私はコンピューターはAppleが好きだよ。,A: 我想买电脑，你觉得哪个品牌好？B: 我喜欢苹果的计算机。
126,コンピューター,2. 情報を処理する機械全般のこと,2. 计算机、电子计算设备,A: コンピューターの歴史って面白いよね。B: そうだね、発展のスピードがすごいんだよ。,A: 计算机的历史很有趣呢。B: 是啊，发展的速度很快。
127,コート,1. 上着の一種で、主に寒い季節に着用するもの。,1. 一种外套，主要用于寒冷季节。,A: 今日はコートが必要そうだね。B: そうだね、風も強いし。,A: 今天好像需要穿外套。B: 是啊，风很大。
128,コート,2. テニスなどのスポーツで、試合や練習の際に着用するジャケット状のアウター。,2. 网球等运动中，在比赛或练习时穿的夹克外套。,A: 明日はテニスをするから、コートを持って行こうよ。B: いいね、今日はとても寒いし。,A: 明天要打网球，我们带上外套吧。B: 好的，今天太冷了。
129,コーヒー,1. コーヒー豆から作った飲み物。,1. 用咖啡豆制作的饮料。,A: 朝のコーヒーは欠かせないよね。B: そうだね、コーヒーがないと一日が始まらない。,A: 早上的咖啡是必不可少的。B: 是啊，没有咖啡一天都开始不了。
130,コーヒー,2. コーヒー豆を焙煎し、挽いたもの。,2. 烘焙和磨碎咖啡豆后得到的咖啡粉。,A: このコーヒー豆を買ってみたけど、味があまり好きじゃなかった。B: そうなんだ、次は別のブランドのコーヒー豆を試してみたら？,A: 我试着买了这种咖啡豆，但不是很喜欢它的味道。B: 是吗？下次试试其他品牌的咖啡豆吧。
131,コーラ,1. 炭酸飲料の一種,1. 一种碳酸饮料,A: 何が飲みたい？B: コーラがいいな。A: あ、自動販売機にあるよ。,A: 想喝点什么？B: 喝可乐吧。A: 啊，自动售货机里有。
132,ゴルフ,1. ゴルフというスポーツ,1.高尔夫运动,A: 週末、何をするつもり？B: ゴルフに行こうと思ってるんだ。,A: 周末打算干什么？B: 我想去打高尔夫。
133,ゴルフ,2. ゴルフのクラブとボールを用いて打つスポーツ,2. 用高尔夫球杆和高尔夫球进行比赛的运动,A: ゴルフは何が楽しいの？B: スイングの瞬間、気持ちいいんだよ。,A: 打高尔夫有什么乐趣？B: 在挥杆的瞬间很舒服。
134,サッカー,1. 蹴球运动,1.足球运动,A: 今日の午後、サッカーの試合を見に行かない？B: いいね！どこでやるの？,A: 今天下午去看足球比赛怎么样？B: 好啊！在哪里进行？
135,サラダ,1. 野菜や果物などを細かく刻んで和えた料理,1.将蔬菜、水果等切碎混合的料理,A: このレストランのサラダは美味しいね。B: はい、毎日新鮮な野菜を使っているそうだよ。,A: 这家餐厅的沙拉好吃呢。B: 是啊，听说他们每天都使用新鲜的蔬菜。
136,サラダ,1. 野菜や果物などを細かく刻んで和えた料理,1.将蔬菜、水果等切碎混合的料理,A: 昼食は何を食べようか。B: どうかサラダにしましょう。,A: 中午吃什么好呢？B: 那就来一份沙拉吧。
137,サラダ,2. 野菜のサラダを指して「サラダ」と呼ぶ場合がある,2. 有时指蔬菜沙拉时会称其为“沙拉”,A: 今日のランチはカレーライスとサラダです。B: カレーライスは辛いので、サラダで口の中をリフレッシュしましょう。,A: 今天午餐有咖喱饭和沙拉。B: 咖喱饭很辣，所以用沙拉来清爽口腔吧。
138,サングラス,太阳镜，墨镜,太阳镜，墨镜,A: 今日は暑いね。B: そうだね、サングラスが必要だ。,A: 今天很热啊。B: 是啊，需要戴太阳镜。
139,サンドイッチ,1. パンの間に具を挟んだ食べ物,1. 夹心面包,A: 昼食は何を食べる？B: サンドイッチを買ってくるつもりだ。,A: 中午吃什么？B: 我想买个夹心面包。
140,シャツ,1. 上着の一種で、主に男性が着用する長袖または半袖の衣服。,1.一种上衣，主要是男性穿长袖或短袖的衣服。,A: 今日は何を着ていく？B: シャツとジーンズでいいかな。,A: 今天穿什么？B: 可以穿衬衫和牛仔裤。
141,シャツ,2. サッカーのユニフォームのこと。,2.足球队服。,A: 明日のサッカーの試合、ユニフォームは何番？B: シャツは9番だよ。,A: 明天的足球比赛，球衣是几号？B: 球衣是9号。
142,シャワー,1. シャワーヘッドから水を出して体を洗うこと。シャワーバス。,1. 用淋浴头放水洗澡的行为。淋浴。,A: シャワーを浴びた後、髪を乾かすのが面倒。B: 私はタオルドライだけで十分かな。,A: 淋浴后吹干头发很麻烦。B: 我只用毛巾擦干就足够了。
143,シャワー,1. シャワーヘッドから水を出して体を洗うこと。シャワーバス。,1. 用淋浴头放水洗澡的行为。淋浴。,A: 朝シャワーを浴びるのが好きだ。B: 私も。シャワーで目が覚めるから。,A: 我喜欢早上洗淋浴。B: 我也是，因为淋浴可以让我清醒。
144,シャワー,2. 雨、花火などが、噴水のように上がること。,2. 雨、烟花等像喷泉一样上升。,A: 今日は夜空に綺麗なシャワーが見られるらしいよ。B: ほんとう？それは見てみたい！,A: 据说今天晚上可以看到漂亮的流星雨。B: 真的吗？我想去看看！
145,シャンプー,1. 髪を洗うための液体,1. 洗发水,A: 昨日、新しいシャンプーを買ったよ。B: どんなにいい匂いがするの？,A: 昨天我买了新的洗发水。B: 有什么好闻的味道吗？
146,シャンプー,2. 髪を洗う行為,2. 洗头,A: シャンプーした後は、必ずコンディショナーをつけなくちゃ。B: そうだね、そうしないと髪が傷むよ。,A: 洗完头后一定要用护发素。B: 是啊，不然头发会受损的。
147,シャーペン,1. 鉛筆の芯を出すための筆記具,1. 自动铅笔,A: ペンがないからシャーペンを貸してくれ。B: はい、どうぞ。,A: 没有笔，能借个自动铅笔吗？B: 好的，请拿。
148,シャーペン,2. シャープペンシルの略称,2. 自动铅笔的简称,A: 新しいシャーペンが欲しい。B: どうぞ、これがおすすめですよ。,A: 想要一支新的自动铅笔。B: 给你推荐这支吧。
149,ショッピング,1. 買い物をすること,1.购物,A: 今日は何しようか？B: ショッピングでも行きませんか？,A: 今天想做什么？B: 要不去购物吧？
150,ショッピング,1. 買い物をすること,1.购物,A: 明日の予定は？B: ショッピングに行って、美味しいものを食べる予定です。,A: 明天的计划是什么？B: 打算去购物，吃些好吃的。
151,ジャガ芋,1. 馬鈴薯の品種の一つ,1. 土豆品种之一,A: 今日の夕食は何がいい？B: ジャガ芋を使ってオムレツにしようか。,A: 今天的晚餐吃什么好呢？B: 用土豆做煎蛋卷怎么样？
152,ジャガ芋,2. 馬鈴薯を指す俗語,2. 指土豆的俗语,A: 最近太太の料理に飽きたんだ。B: じゃあ、ジャガ芋を煮てみたらどう？,A: 最近妻子做的饭菜我吃腻了。B: 那试试煮土豆吧？
153,ジャズ,1. アフリカ系アメリカ人の音楽文化の一つで、即興演奏を中心にしたジャンルの音楽。,1. 爵士乐：一种非洲裔美国人的音乐文化，是以即兴演奏为中心的音乐流派。,A: ジャズの演奏が好きだよね。B: うん、大好きだよ。ジャズのライブは最高だよ。,A: 你喜欢听爵士乐吧。B: 是的，我很喜欢。爵士乐现场演出是最好的。
154,ジャム,1. 果物や野菜を煮つめてつくる、甘いペースト状の食品,1. 煮浓水果或蔬菜后制成的甜酱,A: 朝ごはんにパンとジャムを食べたいな。B: いいね、何のジャムがいい？,A: 早饭想吃面包和果酱。B: 好啊，要什么口味的？
155,ジャム,2. 混雑して通行が困難な場所,2. 拥挤难行的场所,A: この道、ジャムになっているね。B: そうだね、近道をとおるとこんなことになるんだよ。,A: 这条路拥挤了。B: 是啊，走捷径就会遇到这种事情。
156,ジュース,1. 果汁、野菜汁、ジュース状の飲料,1. 果汁、蔬菜汁、果汁饮料,A: 昨日、スーパーでオレンジジュースを買ったよ。B: 私も、アップルジュースを買ったわ。,A: 昨天我在超市买了橙汁。B: 我也买了苹果汁。
157,ジュース,2. （情報やニュースを）こっそり教えること,2.（秘密地）透露信息、消息,A: あの人、試験に落ちたって知ってる？B: いや、誰かにジュースされたんじゃないかな。,A: 你知道那个人考试不及格了吗？B: 没有，也许是有人私底下透露给他了。
158,ジーンズ,1. デニム生地を用いたズボンのこと,1. 用牛仔布制作的裤子,A: 今日は何を履いて行く？B: ジーンズを履こうと思ってるんだ。,A: 今天要穿什么？B: 我想穿牛仔裤。
159,ジーンズ,2. ジーンズブランドの商品,2. 牛仔裤品牌的商品,A: あの人、ジーンズが似合うよね。B: そうだね、彼はジーンズが大好きみたいだよ。,A: 那个人穿牛仔裤很合适吧。B: 是啊，他好像非常喜欢牛仔裤。
160,スカート,1. 女性用の下半身を覆う衣服。,1. 女性穿的裙子。,A: 今日のデート、何を着て行く？B: スカートとブラウスでいいかな。,A: 今天的约会穿什么？B: 可以穿裙子和衬衫吗。
161,スキー,1. スキー板という板状の道具を履いて雪山を滑る冬季スポーツ,1. 一项在雪地上滑行的冬季运动，使用滑雪板。,A: 来週、スキー旅行に行くよ。B: いいね、私も行きたいな。,A: 下周我们去滑雪旅行吧。B: 好啊，我也想去。
162,スキー,2. スキー板を使ったトレーニングや運動,2. 使用滑雪板进行的训练或运动。,A: 最近、スキートレーニングを始めたんだ。B: いいね、私もやりたいな。,A: 最近开始进行滑雪训练了。B: 好啊，我也想试试。
163,スーツ,1. 上下一致したビジネス用の男性用または女性用の服装,1. 男女职业装的套装,A: 今日はスーツを着て来たね。B: そうだよ、大事な商談があるから。,A: 你今天穿了套装来啊。B: 是啊，因为有个重要的商务会谈。
164,スーツ,2. スポーツの競技着,2. 运动竞技服装,A: 彼は水泳のスーツが似合うよね。B: そうだね、競技用のスーツは体にぴったりフィットしてるから。,A: 他穿泳装真好看。B: 是啊，比赛用的泳装很贴身。
165,スーツケース,1. 旅行などで使う衣類や物品を入れる大型の箱,1. 旅行箱,A: 旅行の準備はもうできた？B: うん、スーツケースに荷物を詰めたよ。,A: 准备好旅行了吗？B: 嗯，把行李放在旅行箱里了。
166,スーパーマーケット,1.大型スーパーマーケットの略語,1.大型超市的缩写,A: 今日は何を買いにスーパーマーケットに行くの？B: 食材を買いに行くつもりだよ。,A: 今天去超市买什么？B: 打算买些食材。
167,スープ,1. 汁物、スープ料理,1. 汤、汤料理,A: 夕飯何にする？B: 今日はスープにしようか。A: クリームシチューとポタージュ、どっちがいい？B: クリームシチューにしよう。,A: 晚饭吃什么？B: 今天喝汤怎么样？A: 奶油炖肉和浓汤，哪个更好？B: 我们吃奶油炖肉吧。
168,スープ,2. 液体状の薬,2. 液体药剂,A: 頭痛がするよ。B: もしかしたらスープ飲んでみたら？A: えっ、スープって？B: 頭痛薬のことだよ。,A: 我头疼。B: 不妨喝点药水吧？A: 啊，药水？B: 是头疼药水啦。
169,七,1. 数字の「7」,1. 数字“7”,A: 彼の背番号は七です。B: ああ、ラッキーセブンね。,A: 他的背号是7。B: 噢，幸运数字七。
170,七,1. 数字の「7」,1. 数字“7”,A: 私の誕生日は七月です。B: ああ、7月生まれなんだね。,A: 我的生日在7月。B: 哦，你是7月生的。
171,七,2. 7回、7回目,2. 七次、第七次,A: 今日で七回目のデートだね。B: そうだね、もうすぐ付き合い始めて1か月になるよ。,A: 今天是第七次约会了。B: 是啊，马上就要交往一个月了。
172,七,2. 7回、7回目,2. 七次、第七次,A: 昨日は七回も電話をかけたよ。B: そんなに掛ける必要あったの？,A: 昨天打了七个电话。B: 那么多电话必要吗？
173,七,3. 7つ、7個、7人などの数えられるものの数,3. 七个、七人等可数的物品数量,A: あのレストランは、予約が七人までしかできないそうだよ。B: じゃあ、他の人はどうするの？,A: 那家餐厅好像只能预约七个人。B: 那其他人怎么办？
174,七,3. 7つ、7個、7人などの数えられるものの数,3. 七个、七人等可数的物品数量,A: 父の日に、お父さんにプレゼントをあげるんだけど、何を買ったらいいかな？B: 何か七つセットのグッズはどう？,A: 父亲节打算送父亲礼物，但不知道买什么好。B: 买七件套的商品怎么样？
175,七,4. 願い事、願掛けに関係する数字,4. 许愿、祈求相关数字,A: 今日は七夕だね。B: そうだよ。笹の葉に願い事を書いて、短冊に飾るのが習わしだよ。,A: 今天是七夕节呢。B: 对啊，习惯上要在竹叶上写下愿望，然后挂在纸条上。
176,七,4. 願い事、願掛けに関係する数字,4. 许愿、祈求相关数字,A: 友達と一緒に神社に初詣に行ったよ。B: ああ、何か願い事をしたの？A: うん、今年こそは七転び八起きで頑張りたいと思って。,A: 我和朋友一起去了神社初诣。B: 噢，有什么愿望吗？A: 嗯，今年我想努力做到“七倒八起”。
177,七月,1. 一年の7番目の月,1.一年的第七个月,A: 七月は暑いね。B: 本当に暑いよ。,A: 七月很热啊。B: 真的很热。
178,七月,2. 期限、最後の期限,2.期限、最后期限,A: この仕事の締め切りはいつ？B: 七月末までだよ。,A: 这项工作的最后期限是什么时候？B: 到七月底。
179,三,1. 数字の3,1. 数字“3”,A: 数字を言ってみて。B: 三、七、八、五。A: 間違ってるよ。正解は八だよ。,A: 说一个数字。B: 三，七，八，五。A: 错了。正确答案是八。
180,三,2. 3つのものの総称,2. 三个物品的总称,A: あの店のおせんべいは1つ100円だけど、3つセットで買うとお得だよ。B: そうなんだ！じゃあ、三つセットを買おうかな。,A: 那家店的糕饼一个100日元，但买三个组合更划算。B: 是吗！那我就买三个组合吧。
181,三,3. 方角を形成する3つの点の集まり,3. 由3个点组成的直角形状,A: この絵、何かわかる？B: 三角形だね。,A: 这张画，你知道是什么吗？B: 是个三角形。
182,三度,1. 3回、3度,1. 三次,A: あの映画、もう三度も見たんだって？B: そう、すごく面白くて何度でも見たくなるんだよ。,A: 那部电影，你已经看了三遍了吗？B: 是的，非常有趣，想看很多次。
183,三度,2. 3度目、3回目,2. 第三次,A: あの子、今度で3回目の受験になるんだって。B: 頑張って合格できるといいね。,A: 那个孩子，这次考试是他的第三次了。B: 希望他能够努力通过。
184,三時,1. 時刻の表現で、午後3時を指す,1. 表示时间的词语，指下午3点,A: 今日の面接は何時からですか？B: 三時からです。,A: 今天的面试是几点开始？B: 从三点开始。
185,三時,2. 期限や約束の時間を指す,2. 指期限或约定的时间,A: この仕事の締め切りはいつですか？B: 来週の月曜日の三時までに提出してください。,A: 这项工作的截止时间是什么时候？B: 请在下周一的三点前提交。
186,三月,1. 1年の12分の1の期間で、春分から夏至までの期間。3月。,1.一年的12分之1，从春分到夏至的时间段。三月。,A: あなたの誕生日はいつですか？B: 3月25日です。,A: 你的生日是什么时候？B: 3月25日。
187,三月,2. 特定の期間,2.特定的时间段,A: あのプロジェクトの締め切りはいつですか？B: 三月の末です。,A: 那个项目的截止日期是什么时候？B: 三月底。
188,上手,1. 上手な、熟練した,1. 熟练的、擅长的,A: あの人、ギターが上手そうだね。B: そうなんだよ。実はバンドで活動してるんだよ。,A: 那个人弹吉他看起来很厉害啊。B: 是的，其实他在乐队活动呢。
189,上手,1. 物事を上手くこなす、技術が優れている,1. 善于应对事物，技术高超,A: あの人、料理が上手みたいだよ。B: 本当に？今度、彼女に作ってもらおうかな。,A: 那个人好像很擅长料理。B: 真的吗？下次让她做给我们尝尝吧。
190,上手,2. 上の人に従う、上司に従順である,2. 服从上级、对上司顺从,A: 彼は上司にとても上手だね。B: そうだね、彼はよく考えてから行動するから。,A: 他对上司非常顺从啊。B: 是啊，他会好好考虑后再采取行动的。
191,上手,2. 適切な、良い,2. 适当的、好的,A: この料理、味が上手いね。B: そうだね。あのレストランはいつも上手い料理を提供してくれるよ。,A: 这道菜味道很好啊。B: 是的，那个餐厅总是提供好吃的料理。
192,下,1. 下に向かう、下がる,1. 向下，下降,A: ボールが床に落ちた。B: 下に見て、拾って。,A: 球掉到地上了。B: 低头捡起来。
193,下,2. 下り、下って,2. 下来，下去,A: 山から下りるのは大変だった。B: そうだね、私も疲れた。,A: 从山上下来真辛苦。B: 是啊，我也很累。
194,下,3. 低い方、下の方,3. 下面，下方,A: あの建物の入り口はどこですか？B: 下の方にありますよ。,A: 那座建筑的入口在哪里？B: 在下面哦。
195,下,4. 次、次の,4. 下一个,A: この問題はどうやって解決するの？B: 次のミーティングで話し合うことになっているよ。,A: 这个问题要怎么解决呢？B: 下一次会议上已经商量好了。
196,下,5. （上に対して）後ろ、下側,5. （相对上面）后面，下面,A: 車の中の荷物はどこに置くの？B: 後ろの方に置いてください。,A: 车里的行李放在哪里？B: 放在后面哦。
197,主人,1. 家や店の持ち主、経営者,1.房屋或店铺的所有人、经营者,A: この店はだれが主人なんですか？B: あの方です。,A: 这家店的主人是谁？B: 那个人。
198,主人,2. 動物やペットの飼い主,2.动物或宠物的主人,A: あの犬の主人は誰ですか？B: 近所のおばさんですよ。,A: 那只狗的主人是谁？B: 是附近的阿姨。
199,主人,3. 頼りとする人,3.可靠的人,A: 困ったときは誰に相談したらいいですか？B: あの人はいい主人ですよ。,A: 遇到困难应该找谁商量呢？B: 那个人是个好人。
200,九,1. 数字の「9」,1.数字「9」,A: この問題、答えは何だったっけ？B: 9だよ。,A: 这道问题的答案是什么来着？B: 是9。
201,九,1. 数字の「9」,1. 数字“9”,A: 私の誕生日は10月9日だよ。B: あ、それは覚えてる。,A: 我的生日是10月9日。B: 啊，我记得。
202,九,2. 小さい九つの形をしたもの,2. 九的小图案,A: この着物には小さな九がプリントされているね。B: そうだね、可愛いデザインだね。,A: 这件和服上印有小九的图案。B: 是啊，很可爱的设计。
203,九,2. 方位の「西」,2.「西」方向,A: あの銀行はどっちにあるの？B: 九時の方向だよ。,A: 那家银行在哪儿啊？B: 在西边。
204,九,3. 九九の算数の掛け算表,3. 九九乘法表,A: 子どもたちは今日、九九を覚えるんだって。B: ああ、私たちも小学生の時に覚えたなあ。,A: 孩子们今天要记九九乘法表。B: 啊，我们也是小学时学的。
205,九つ,1. 9個あること、9個のもの,1. 有九个，九个物品,A: これはりんごが九つ入っています。B: そうなんですか？たくさん入っていますね。,A: 这里有九个苹果。B: 是吗？好多啊。
206,九つ,2. 9番目,2. 第九个,A: 今日は九つの誕生日だね。B: そうだね、お祝いしよう。,A: 今天是他的第九个生日。B: 是啊，我们来庆祝一下。
207,九州,1. 日本の地方行政区分である九州地方のこと。,1. 日本地方行政区划九州地区。,A: 今度の旅行でどこに行きたい？B: 九州に行って、温泉に入りたいんだ。,A: 下次旅行想去哪里？B: 想去九州泡温泉。
208,九州,2. 日本の歴史的な地域の一つである九州地方。,2. 日本历史上的一个地区，指九州地区。,A: 日本の歴史を勉強しているんだけど、九州は何か有名な出来事があったよね。B: そうだね、鎌倉時代には九州に南北朝時代の大名・少弐氏がいたりしたんだ。,A: 我在学习日本历史，九州有什么著名的事件吗？B: 是的，在鎌倉时代，九州有南北朝时代的大名·少弐氏。
209,九日,1. 毎月9日,1.每月的第九天,A: 今日は何日？B: 九日だよ。,A: 今天几号？B: 是九号。
210,九日,2. 9日間,2.九天,A: この旅行はいつからいつまで？B: 九日間だよ。,A: 这次旅行是从什么时候到什么时候？B: 是九天。
211,九月,1. 1年のうちの9番目の月,1. 一年中的第九个月份,A: 九月に旅行する予定があるんだ。B: いいね、秋は旅行にぴったりだよ。,A: 我有在九月计划旅行。B: 很好，秋天正好适合旅行。
212,九月,2. 長期の間隔の終わり,2. 长时间间隔的结束,A: 久しぶりだね！元気だった？B: うん、九月以来だからね。,A: 好久不见！最近怎么样？B: 嗯，从九月以来就没见过了。
213,事,1. 物事、事柄,1. 事情、事项,A: 明日の会議の準備はできた？B: うん、事前に配布された資料を読んで、必要なことをメモしたよ。,A: 明天的会议准备好了吗？B: 嗯，我读了提前分发的资料，记录了必要的事项。
214,事,1. 物事、出来事、事件,1. 事情、事件、事项,A: 今回の件はどうするの？B: 事務局に相談してみるよ。,A: 这次的事情怎么办？B: 我会向事务局咨询看看。
215,事,1. 物事、出来事、事件,1. 事情、事件、事项,A: 今日はどんな事があったの？B: 特に何もなかったよ。,A: 今天发生了什么事？B: 没有什么特别的事情。
216,事,2. 出来事、事件,2. 事情、事件,A: 最近、彼女が急に態度を変えたんだ。B: そうなんだ、どんな事があったんだろう？,A: 最近她突然态度变了。B: 是吗，不知道发生了什么事情？
217,事,2. 職業、仕事,2. 职业、工作,A: あの人は何の事業をしているんだろう？B: インターネット関連の仕事をしているみたいだよ。,A: 那个人做什么行业呢？B: 看起来是从事互联网相关的工作。
218,事,2. 職業、仕事,2. 职业、工作,A: 彼女はどんな事をしているの？B: ウェブデザイナーの仕事をしているよ。,A: 她在做什么工作？B: 她是网页设计师。
219,事故,1. 思わぬ出来事や不幸な出来事が起こること,1. 意外事件或不幸事件发生的事情,A: 今朝のニュースで事故があったって言ってたけど、何があったの？B: 電車が脱線したみたい。,A: 今天早上的新闻说发生了事故，是怎么回事？B:好像是电车出轨了。
220,事故,2. 意図せずに誤って何かを壊したり、傷つけたりすること,2.无意中意外破坏或伤害了什么东西,A: ごめん、ガラスのコップを割っちゃった。B: 大丈夫、事故って言うことだよ。,A: 对不起，打破了玻璃杯。B: 没关系，说是事故吧。
221,五,1. 五つの,1. 五个的,A: このおにぎりは何個あるの？B: 五つあるよ。,A: 这个饭团有几个？B: 有五个。
222,五,1. 五つのこと、五つのもの,1. 五件事，五个物品,A: このグループは何人でしたっけ？B: 五人でしたよ。,A: 这个团队有几个人来着？B: 有五个人。
223,五,2. 五番目の,2. 第五个的,A: この本棚で、彼女の本はどこにある？B: 五番目の棚にあるよ。,A: 在这个书架上，她的书在哪里？B: 在第五个架子上。
224,五,2. 五番目のもの,2. 第五个物品,A: この本棚で、どれがあなたの本ですか？B: 五番目の本が私のです。,A: 在这个书架上，哪本是你的书？B: 第五本是我的。
225,五,3. 五つの約束、五つの目標,3. 五项承诺，五个目标,A: このビジネスプランの中で、五つの目標を設定しました。B: すごいですね、頑張ってください！,A: 在这个商业计划中，我们设定了五个目标。B: 太棒了，加油！
226,五,3. 五人,3. 五个人,A: 今晩の飲み会には何人来るの？B: 五人だよ。,A: 今晚的聚会有多少人？B: 有五个人。
227,五,4. 五日,4. 五日,A: 来週の火曜日に会議がありますか？B: はい、五日にあります。,A: 下周二有会议吗？B: 有，在五日。
228,五,5. 五月,5. 五月,A: 来週、旅行に行くの？B: はい、五月に行く予定です。,A: 下周你去旅游吗？B: 是的，在五月计划去。
229,五月,1. 5月のこと,1. 五月,A: 五月になったら、どこか旅行に行くつもり？B: うん、今年は京都に行きたいんだ。,A:五月份的时候你打算去旅行吗？B:是啊，今年我想去京都。
230,五月,2. 成長する、大きくなること,2.成长、变大,A: 僕があなたを知ったのは、もう10年以上前のことだったね。B: そうだね、あの頃の僕と今の僕は全然五月だよ。,A:我认识你已经超过十年了。B:是啊，那个时候的我和现在的我完全不一样了。
231,交番,1. 警察が常駐する小さな警察署,1. 常驻警察的小警察局,A: すみません、近くに交番はありますか？B: はい、あそこにありますよ。,A: 对不起，这附近有警察局吗？B: 有，就在那边。
232,交番,2. 交代する場所、職務など,2. 交接的地方，职责等,A: 今日の交番の担当は誰ですか？B: 私です。A: では、交代します。B: 了解しました。,A: 今天的警察局负责人是谁？B: 是我。A: 那么，就交接吧。B: 我知道了。
233,交通,1. 人や物が行き交うこと。また、その手段。,1. 人和物品的往来。也指交通工具和交通手段。,A: この道路は交通量が多いね。B: そうだね、でも地下鉄の方が便利だよ。,A: 这条道路的交通量很大啊。B: 是啊，但是地铁更方便。
234,交通,2. 人や物が接触して互いに影響し合うこと。,2. 人或物之间互相接触并互相影响。,A: 昨日、彼と交通事故にあったんだ。B: 大丈夫？怪我はないよね。,A: 昨天我遇到了交通事故。B: 没事吧？没有受伤吧。
235,交通事故,1. 道路上での事故,1. 在道路上发生的事故,A: 今朝、高速道路で交通事故があったそうだ。B: そうなんだ、けが人はいなかったのかな。,A: 今天早上，高速公路上发生了一起交通事故。B: 是吗，没有受伤的人吧。
236,交通事故,2. 交通の衝突事故,2. 交通碰撞事故,A: 昨日、私の友達が交通事故に遭ったんだ。B: 大丈夫？けがはなかった？,A: 昨天我的朋友遇到了一起交通事故。B: 没事吧？没有受伤吧？
237,人,1. 人間、人類のこと,1. 人类,A: 人間の知性は進化し続けている。B: 本当だね。未来はどうなっていくのかな。,A: 人类的智慧一直在进化。B: 是的，未来会变成什么样子呢。
238,人,2. 身分、職業、ステータスなどのこと,2. 地位、职业、身份等,A: 彼女はとても高い人だと思う。B: そうね、彼女の職業もすごいし。,A: 我觉得她地位很高。B: 是啊，她的职业也很了不起。
239,人,3. 男性のこと,3. 男性,A: 彼はとても優しい人だ。B: そうね、いい男性だよね。,A: 他人很好。B: 是的，他是个好男人。
240,人,4. ある集団や国籍に属する人たちの総称,4. 指属于某个团体或国籍的人的总称,A: あのお店、外国人の人も多いね。B: そうだね、留学生が多いみたいだよ。,A: 那家店里也有很多外国人。B: 是的，好像有很多留学生。
241,人口,1. 特定の地域や国の住民の数,1. 特定地区或国家的居民人数,A: この都市の人口は？B: 約100万人です。,A: 这个城市的人口是多少？B: 大约100万人。
242,人口,1. 特定の地域や国の住民の数,1. 特定地区或国家的居民人数,A: 日本の人口はどれくらいですか？B: 2020年の統計によると、約1億2600万人です。,A: 日本的人口有多少？B: 根据2020年的统计数据，约为1.26亿人。
243,人口,2. ある地域や国の住民、人々,2. 特定地区或国家的居民、人们,A: この国の人口は多様ですね。B: そうですね、様々な文化や言語があります。,A: 这个国家的人口很多样化。B: 是的，有各种文化和语言。
244,人口,2. ある地域や国の住民、人々,2. 特定地区或国家的居民、人们,A: この地域の人口はどのように変化していますか？B: 近年は減少傾向にあります。,A: 这个地区的人口情况如何？B: 近年来呈下降趋势。
245,今夜,1. 今晩,1. 今晚,A: 今夜何をするつもりですか？B: 映画を見に行く予定です。,A: 今晚有什么计划吗？B: 打算去看电影。
246,今夜,2. この夜、この夜に限って,2. 偏偏在这晚上,A: 明日は晴れる予定だったのに、なぜか今夜だけ雨が降っている。B: そうなんだ、偏に今夜に限ってね。,A: 明天原本预报天晴，可偏偏今晚下雨了。B: 是啊，偏偏就在今晚。
247,今年,1. 今年の年度、現在の年,1. 今年的年度，现在的年份,A: 今年の夏はどこか旅行する予定がありますか？B: いいえ、今年は忙しいので、どこかに行く予定はありません。,A: 今年夏天有去旅行的计划吗？B: 没有，今年很忙，没有去任何地方的计划。
248,今年,2. 最近1年間、過去1年間の期間,2. 过去一年内，最近一年的时间段,A: 今年はどのような夏だったと思いますか？B: 今年は暑かったけど、楽しかったです。,A: 你认为今年的夏天怎么样？B: 今年很热，但是很有趣。
249,今度,1. 今回、今回の,1. 这次、这次的,A: 来週の集まりはどこで開かれるの？B: 今度は私の家で開くつもりだよ。,A: 下周的聚会在哪里举行？B: 这次打算在我的家里开。
250,今度,2. 今後、次に,2. 今后、下一次,A: 今度のプロジェクトのリーダーは誰になるの？B: それはまだ決まっていないけど、多分山本さんが次になると思われる。,A: 下一次项目的领导是谁？B: 还没决定，但可能会是山本先生。
251,今日,1. 今日、本日,1. 今天,A: 今日は寒いね。B: そうだね、コートを着た方がいいかも。,A: 今天好冷啊。B: 是啊，可能要穿外套。
252,今日,2. 最近、近頃,2. 最近,A: 今日、忙しかった？B: うん、最近仕事が忙しいんだ。,A: 最近很忙吗？B: 是啊，最近工作很忙。
253,今晩,1. 今夜、夜間,1. 今晚、夜晚,A: 今晩何しようか？B: 映画を見に行くのはどう？,A: 今晚做什么好呢？B: 去看电影怎么样？
254,今晩,2. 近いうちに,2. 不久后，即将到来,A: 彼女とのデートはいつするの？B: 今晩じゃないけど、来週にはする予定だよ。,A: 你什么时候和女友约会啊？B: 不是今晚，但下周有计划了。
255,今月,1. 現在の月、今の月,1. 当前的月份，本月,A: 今月のお給料いくらだった？B: 20万円ぐらいだよ。,A: 本月的工资是多少？B: 大约20万日元。
256,今朝,1. 今日の朝、今日の午前,1. 今天的早晨、今天上午,A: 今朝、どこか行くの？B: いや、特に予定はないんだ。,A: 今天早上去哪里？B: 没有特别的计划。
257,今朝,2. 最近の朝、最近の時間帯,2. 近期的早晨、近期的时间带,A: 今朝から寒くなったよね。B: そうだね、もう冬が近づいてきたんだな。,A: 从最近的早晨开始就变冷了。B: 是啊，看来冬天已经逼近了。
258,今週,1. 本周，这一周,1. 本周,A: 今週の天気予報はどうだった？B: 晴れが続くみたいだよ。,A: 本周天气预报怎么样了？B: 看起来会持续晴朗。
259,仕事,1. 職業、就業、勤務すること,1. 职业、就业、工作,A: あなたはどんな仕事をしていますか？B: IT関連の会社でエンジニアをしています。,A: 你做什么工作？B: 我在一家IT公司做工程师。
260,仕事,1. 職業、就業、勤務すること,1. 职业、就业、工作,A: 明日の仕事は何ですか？B: 朝から会議があります。,A: 明天的工作是什么？B: 早上有一个会议。
261,仕事,2. 任務、やるべきこと,2. 任务、应该做的事情,A: この仕事は難しそうだね。B: でも、頑張ってやるしかないよ。,A: 这个任务看起来很难啊。B: 但是只能努力去做了。
262,仕事,2. 任務、やるべきこと,2. 任务、应该做的事情,A: 明日の仕事、忘れずにやってね。B: もちろん、やるよ。,A: 别忘了明天的任务哦。B: 当然，我会去做的。
263,休日,1. 仕事や学業を休むこと、休暇,1. 休息日、假期,A: 来週は休日があるんだ。B: そうなんだ、どこか行くの？,A: 下周有个假期。B: 是吗，要去哪里吗？
264,休日,2. 祝日,2. 节日、纪念日,A: 来週の休日は何？B: 4月29日は天皇誕生日で、祝日だよ。,A: 下周的节日是什么？B: 4月29日是天皇诞辰日，是公共假日。
265,住所,1. 人が住んでいる場所、住居の場所,1.居住地址，住宅所在地,A: あの人の住所を知ってる？B: 知らないけど、聞いてみようか。,A: 知道那个人的住址吗？B: 不知道，要不要问问。
266,住所,2. 会社や団体などの事務所の場所,2.公司或组织的办公地址,A: この書類はどこに送ればいいの？B: 会社の住所に送ればいいよ。,A: 这份文件应该寄到哪里？B: 寄到公司的地址就可以了。
267,作文,1. 指写作文，文学作品を書くこと。,1. 指写作文，创作文学作品。,A: 明日の宿題、どうするの？B: 作文書くよ。,A: 明天的作业怎么办？B: 要写作文。
268,作文,2. 指某人的作品、创作物。,2. 指某人的作品、创作物。,A: あの小説はとても有名な作文だ。B: そうだね、作者は天才だと思う。,A: 那本小说是非常著名的作品。B: 是啊，我觉得作者是个天才。
269,信号,1. 信号機、交通信号,1. 信号灯、交通信号,A: 青信号で渡ろう。B: わかった。,A: 绿灯过马路。B: 好的。
270,信号,2. 待ち合わせの合図、合図,2. 约定的信号、信号,A: 15時に公園で待ち合わせだったよね。B: そうだよ。ベンチの前で合図しよう。,A: 我们说好在3点在公园见面了对吧？B: 对啊，我们在长椅前面发个信号吧。
271,個,1. 数量を表す助数詞。個体や単位を数える際に用いる。,1. 表示数量的助数词。用于计数个体或单位。,A: りんごを3個買いました。B: そうですか、おいしいですね。,A: 我买了3个苹果。B: 是吗，很好吃。
272,個,2. 一人ひとりの、単独の人物や物事を表す。,2. 表示单个人或事物。,A: あの人は、いつも一人で過ごすのが好きだ。B: そうだね、彼は孤独を楽しんでいるのかもしれない。,A: 那个人喜欢独自一个人呆着。B: 是的，他可能享受孤独。
273,元気,1. 健康であること、体調が良いこと,1. 健康、身体状态良好,A: 最近、調子はどう？B: ええ、元気だよ。,A: 最近怎么样？B: 嗯，身体很好。
274,元気,2. 精神的に活発なこと、気力があること,2. 精神上的活力、有精力,A: 今日のテスト、大丈夫？B: はい、元気に受けられると思う。,A: 今天的考试，没问题吗？B: 没问题，我觉得我很有精神。
275,元気,3. 気分が良いこと、陽気なこと,3. 心情好、快乐的事情,A: 最近、何かいいことあった？B: うん、仕事がうまくいったし、友達と遊んだから元気だよ。,A: 最近发生了好事吗？B: 嗯，工作很顺利，和朋友玩得很开心，所以心情很好。
276,兄弟,1. 同じ親から生まれた男の子たち、兄妹,1.同父母生的兄弟姐妹,A: お前、兄弟何人いるの？B: 俺は一人っ子だよ。,A: 你家有几个兄弟啊？B: 我是独生子。
277,兄弟,2. 兄弟愛、兄弟情,2.兄弟之情,A: お前、兄弟思いだよね。B: うん、当たり前だろ。,A: 你真是个有兄弟情的人。B: 是啊，那是理所当然的。
278,公園,1. 都市や町に設けられた公共の広場、緑地。,1. 城市或市区设置的公共广场、绿地。,A: 今日は公園でピクニックしませんか？B: いいですね、何を持って行きましょうか？,A: 今天去公园野餐怎么样？B: 好啊，我们带什么东西去呢？
279,公園,1. 都市や町に設けられた公共の広場、緑地。,1. 城市或市区设置的公共广场、绿地。,A: 私たちは公園で遊びました。B: 楽しかったですか？,A: 我们在公园里玩了。B: 很开心吧？
280,公園,2. 野外の公共の場所。,2. 野外的公共场所。,A: 公園でキャンプしましょう。B: いいですね、でも私はテントを持っていません。,A: 我们去公园露营吧。B: 好啊，但是我没有带帐篷。
281,公園,2. 野外の公共の場所。,2. 野外的公共场所。,A: 外で昼食を食べる場所を探しています。B: 近くの公園はどうでしょうか？,A: 我在找一个可以在户外吃午饭的地方。B: 附近的公园怎么样？
282,冊,1. 一冊の本の単位、または一定のページ数を持つ文書の単位,1. 本的计量单位，或者一定页数的文件单位,A: この図書館には何冊の本があるの？B: 約10万冊ほどだよ。,A: 这个图书馆有多少本书？B: 大约有10万册左右。
283,冊,2. 紙幣の厚さを表す単位,2. 表示纸币厚度的单位,A: 1万円分のお札は何冊分になるの？B: 約2冊分になるよ。,A: 一万日元的钞票相当于几册？B: 大约相当于两册。
284,再来年,1. 再び来る年の意,1. 后年,A: いつ再来年に結婚式を挙げる予定なの？B: それはまだ決まっていないんだ。,A: 你计划在后年举办婚礼吗？B: 还没有决定。
285,写真,1. 写真、写真撮影したもの,1. 照片、拍摄的照片,A: この写真、いつ撮ったの？B: 先週の旅行で撮ったよ。,A: 这张照片是什么时候拍的？B: 上周旅行的时候拍的。
286,写真,2. 写真術、写真の技術,2. 摄影艺术、摄影技术,A: 彼は写真がうまいね。B: そうだね、専門の学校で学んだんだって。,A: 他的摄影技术很好啊。B: 是啊，听说他在专业学校学的。
287,切る,1. 物を刃物などで分ける。,1. 用刀等器具切开物体。,A: 野菜を切って、スープに入れよう。B: いいね、私は玉ねぎを切るよ。,A: 把蔬菜切片，放进汤里。B: 好的，我来切洋葱。
288,切る,2. 開始する、切り出す。,2. 开始、着手。,A: 今から仕事に切りかかりましょう。B: はい、先にプランを切り出しておきます。,A: 现在开始工作吧。B: 好的，我先规划一下。
289,切る,3. 遮る、断つ。,3. 遮蔽、切断。,A: 窓を開けたいけど、カーテンが邪魔だ。B: そうだね、カーテンを切ってしまおう。,A: 我想开窗，但窗帘挡住了。B: 是啊，我们把窗帘给割开吧。
290,切る,4. 途切れる、切れる。,4. 中断、断开。,A: 彼女と話していたけど、電話が切れた。B: またか、彼女はいつもそうだね。,A: 我和女友在通话，但突然电话断了。B: 又这样啊，她总是这样。
291,切手,郵便物に貼るための小さな紙片で、郵便料金を支払うために使用されるもの。,贴在邮件上支付邮费的小纸片。,A: 手紙を出すのに切手が必要だよね。B: そうだよ。コンビニや郵便局で買えるから、早めに用意しておこう。,A: 写信要贴邮票吧？B: 是啊。可以在便利店或邮局买到，提前准备好吧。
292,切符,1. 入場券や乗車券などを表す紙切れ,1. 指入场券、乘车券等的纸张,A: この博物館の切符を買いたいのですが。B: はい、こちらでお買い求めいただけます。,A: 我想买这个博物馆的门票。B: 好的，您可以在这里购买。
293,切符,2. 船舶や飛行機などの運賃を表す紙切れ,2. 指船舶、飞机等的票据,A: 飛行機の切符を買ってもいいですか。B: はい、こちらでお求めください。,A: 可以买飞机票吗？B: 可以，请在这里购买。
294,初級,1. 初めて取り組むことに適した、初歩的なレベルや内容,1. 适合初学者的基础级别或内容,A: 日本語を学びたいんですが、初級向けの教材ありますか？B: はい、初めにこれをお勧めします。,A: 我想学习日语，有初级教材吗？B: 有的，我建议先学这个。
295,初級,2. 基本的な、初歩的な,2. 基本的，基础的,A: この書類は初級的な内容だから、誰でも理解できると思います。B: そうですね、簡単な文章ですね。,A: 这份文件内容很基础，我认为任何人都能理解。B: 是的，很简单的文章。
296,刺し身,1. 生魚片,1.生鱼片,A: 今晩、何か特別な料理を作ろうと思っているんだ。B: じゃあ、刺し身はどう？A: いいね、新鮮な魚が手に入る市場に行って買おう。,A: 今晚我打算做点特别的菜。B: 那刺身怎么样？A: 好啊，我们去市场买些新鲜的鱼吧。
297,刺し身,2. 短く切った細長いもの,2.短而细长的物品,A: この野菜は、切り方を変えると味が違うんだよ。B: そうなんだ、刺し身みたいに細切りにしてみる？A: いいね、やってみよう。,A: 这种蔬菜改变切法味道就不同哦。B: 是吗，那我们像做生鱼片一样把它切成细条试试？A: 好啊，试一下吧。
298,北,1. 北方、北の地域,1. 北方、北部地区,A: 来週、北海道に旅行に行くんだ。B: いいなあ、私も北の方に行ってみたい。,A: 下周我要去北海道旅行。B: 好羡慕啊，我也想去北方看看。
299,北,2. 北の方角、北に向かう方向,2. 北方、向北方向,A: ここからどっちに行けばいいの？B: 北に向かって歩けば目的地に着くよ。,A: 从这里要往哪儿走？B: 往北走就能到达目的地了。
300,北アメリカ,北アメリカの地域,北美洲的地域,A: あなたはどこに住んでいますか？B: 北アメリカに住んでいます。,A: 你住在哪里？B: 我住在北美洲。
301,区,1. ある範囲内に分かれた地域、行政区画,1. 划分为某个范围的地区、行政区域,A: どこの区に住んでいるの？B: 渋谷区だよ。,A: 你住在哪个区？B: 住在涩谷区。
302,区,1. 行政区画の一つ。,1. 行政区划的一部分。,A: この建物はどこの区にあるの？B: 港区だよ。,A: 这座建筑物在哪个区？B: 在港区。
303,区,2. 全体を分割した、ある程度の部分,2. 分割整体的一部分,A: この町は大きく2つの区に分けられているんだ。B: そうなんだ、どんな区があるの？,A: 这个城镇被分成了两个区。B: 是吗，有哪些区？
304,区,2. 領域、分野。,2. 领域、范围。,A: 彼は音楽の区で有名だよ。B: そうだね、彼の才能は本当にすごい。,A: 他在音乐领域很有名。B: 是的，他的才华真的很惊人。
305,区役所,1. 区の行政機関。地域住民の生活や福祉に関する問い合わせや手続きを行う場所。,1. 区的行政机关。处理居民生活和福利相关的咨询和手续的地方。,A: 住民票を更新するために区役所に行かなきゃ。B: 平日は午前中が混雑してるから、早めに行くのがいいよ。,A: 为了更新住民登记要去区役所。B: 平日上午人比较多，最好早点去。
306,区役所,2. 区役所庁舎。,2. 区役所大楼。,A: あの建物は何？B: 区役所だよ。,A: 那栋建筑是什么？B: 是区役所。
307,十,1. 数字の「10」,1. 数字“10”,A: この本はいくらですか？B: 十円です。,A: 这本书多少钱？B: 十日元。
308,十,2. 十回,2. 十次,A: このゲームで一番得意なステージは何ですか？B: 第十ステージです。,A: 你在这个游戏中最擅长的关卡是什么？B: 第十个关卡。
309,十,3. 10年間,3. 十年,A: 結婚記念日はいつですか？B: 今日で結婚して十年になりました。,A: 结婚纪念日是哪一天？B: 今天是我们结婚十周年的日子。
310,十,4. 十日間,4. 十天,A: 日本に来て、もう何日になりますか？B: 今日で日本に来て十日目です。,A: 来日本已经多少天了？B: 今天是我来日本的第十天。
311,十,5. 十人,5. 十人,A: 明日のパーティーに参加する人数はどのくらいですか？B: 十人くらい参加する予定です。,A: 明天的派对预计会有多少人参加？B: 大约有十人参加。
312,十一月,1. 1年のうちの11番目の月,1. 一年中的第11个月,A: 来週、何の予定がある？B: 十一月になったら、旅行に行くつもりだ。,A: 下周有什么计划吗？B: 等到十一月的时候，我打算去旅行。
313,十二月,1. 年の12番目の月,1. 十二月,A: 来週はもう12月だよ。B: そうだね、今年もあと1ヶ月だね。,A: 下周就是十二月了。B: 是啊，今年只剩一个月了。
314,十六,1. 数字の16。,1. 数字16。,A: あの店は何時までやっているの？B: 十六時までだよ。,A: 那家店什么时候关门？B: 十六点关门。
315,十六,2. 十六歳のこと。,2.十六岁。,A: 明日は彼女の誕生日だね。B: そうだよ。彼女は十六歳になるんだ。,A: 明天是她的生日吧。B: 是啊，她要十六岁了。
316,十月,1. 1年のうちの10番目の月,1.一年中的第十个月,A: 今年の十月は忙しい予定がある？B: うん、出張があるからね。,A: 今年十月有忙碌的计划吗？B: 嗯，因为有出差。
317,十月,2. 長期間にわたって,2. 长期间,A: その案件はどのくらいの期間かかるの？B: 十月ぐらいかな。,A: 那个案件需要多长时间？B: 大约需要十月左右。
318,午前,1. 午前中の時間、午前9時から正午までの時間帯,1. 上午，从早上9点到中午的时间段,A: 今日の面接は何時からですか？B: 午前10時からです。,A: 今天的面试从几点开始？B: 从上午10点开始。
319,午前,2. 午前中の時間帯に行われる仕事や授業,2. 在上午进行的工作或课程,A: 今日の会議は何時からですか？B: 午前の部で、10時から始まります。,A: 今天的会议从几点开始？B: 在上午的部分，从10点开始。
320,午後,1.正午過後的時間（12點到晚上6點左右）,1.正午后的时间（约12点到晚上6点）,A: 今日の会議は午後2時から始まります。B: 了解です。,A: 今天的会议从下午2点开始。B: 好的。
321,午後,2. 午後時間帯,2. 下午时间带,A: 明日は午後休みにしてもらえる？B: それは厳しいかもしれないけど、上司に相談してみるよ。,A: 明天下午可以休息吗？B: 可能有些困难，但我会向上司咨询的。
322,危険,1. 危ない状態や事態、またはそれが引き起こす可能性がある状態や事態,1. 危险状态或局势，或可能引起这种状态或局势的状态或局势,A: この近くには危険な動物がいるから、気をつけた方がいいよ。B: ありがとう、気をつけるよ。,A: 这附近有危险的动物，所以最好小心点。B: 谢谢提醒，我会小心的。
323,危険,2. 危険な人物やもの,2. 危险的人或物,A: このナイフは危険だから、使わないで。B: 分かったよ、ありがとう。,A: 这把刀很危险，不要用。B: 我知道了，谢谢。
324,厳しい,1. 厳格で、寛容でない,1. 严格、不宽容,A: この試験は難しそうだね。B: そうだよ、先生はとても厳しいから。,A: 这个考试看起来很难啊。B: 是啊，老师很严格。
325,厳しい,1. 厳格で、寛容でない,1. 严格、不宽容,A: 最近、上司が急に厳しくなったような気がするんだけど。B: やっぱり、会社の方針が変わったんじゃない？,A: 最近，我感觉上司突然变得很严格了。B: 可能是公司方针改变了吧。
326,厳しい,2. 堅固で、しっかりしている,2. 坚固、牢固,A: この橋は地震でも大丈夫かな？B: 大丈夫だよ、この橋はとても厳しい造りだから。,A: 这座桥在地震时会不会出问题？B: 没问题，这座桥建得很坚固。
327,厳しい,3. 激しい、過酷な,3. 激烈、苛刻,A: あの選手は厳しいトレーニングをしているそうだ。B: そうだね、だからあんなに強いんだろう。,A: 那个选手好像接受了苛刻的训练。B: 是的，所以才这么强。
328,去年,1. 前の年、昨年,1. 去年,A: 去年の夏休みはどこに行ったの？B: 沖縄に行ったよ。,A: 去年暑假去哪儿了？B: 去了冲绳。
329,口,1. 口腔、口の中の器官,1. 口腔、口中的器官,A: 歯医者に行く必要がある。B: 口の中が痛いの？,A: 需要去看牙医。B: 口里疼吗？
330,口,2. 口述すること,2. 口头陈述,A: プレゼンはどうだった？B: うまくいったと思う。口で説明することができたから。,A: 展示怎么样了？B: 我觉得很好。因为我可以口头说明。
331,口,3. 入り口、出口,3. 入口、出口,A: ここからどこに行くの？B: あの建物の口から入って、階段を上がると着くよ。,A: 从这里去哪里？B: 从那个建筑物的入口进去，上楼梯就到了。
332,君,1. 男性に対する丁寧な呼びかけ,1. 对男性的尊称,A: 君、ちょっと手伝ってくれる？B: はい、何をしましょうか？,A: 你能帮忙一下吗？B: 好的，做什么呢？
333,君,2. 君臨する、支配する,2. 统治、支配,A: 彼はその業界を君臨しているよね。B: そうだね、とても影響力がある。,A: 他统治了这个行业，对这个行业影响很大。B: 是的，他的影响力很大。
334,君,3. 君主、王,3. 君主、国王,A: 古代日本には多くの君主がいたね。B: そうだね、有名なのは聖徳太子とか。,A: 古代日本有很多君主。B: 是的，有很有名的，比如说圣德太子。
335,吸う,1. 空気などを口や鼻で吸い込む,1.吸气,A: タバコを吸う人がいると、周りの空気が悪くなる。B: 本当にそうだね。,A: 有人吸烟，周围的空气变差了。B: 是的，真的。
336,吸う,2. 液体や気体を口などで吸い上げる,2.吸取液体或气体,A: コップの中のジュースを吸ってみて。B: 美味しい！,A: 喝杯子里的果汁吧。B: 好喝！
337,喫茶店,1. コーヒーや紅茶などの飲み物や軽食を提供する店,1. 提供咖啡、红茶等饮料和小吃的店铺,A: 今日はどこで休憩する？B: 喫茶店でゆっくりしようよ。,A: 今天在哪里休息？B: 我们去咖啡馆慢慢休息吧。
338,四,1. 数字の「4」,1. 数字“4”,A: この部屋の壁には時計が4つもあるんだ。B: えっ、そんなにあるの？,A: 这个房间的墙上有4个钟。B: 哦，那么多啊。
339,四,2. 物事の数え方で、約4個の意味。,2.用于计数，表示约4个的意思,A: この箱にはりんごが四つしか入っていないんだけど。B: ああ、そうか。もう1つ買ってくるね。,A: 这个箱子里只有四个苹果。B: 噢，是这样啊。我去再买一个。
340,四,3. 四つの方向のひとつ（東西南北）,3.四个方向之一（东西南北）,A: 四国旅行に行ったことある？B: いや、行ったことないけど、いつか行ってみたいんだ。,A: 去过四国旅行吗？B: 没有，但我想有一天去看看。
341,四,4. 四季の春夏秋冬のうち、秋を表す言葉。,4.代表四季之一的秋天,A: 四季の中で秋が一番好きなんだよね。B: なるほど、俺は春が好きだな。,A: 在四季中，我最喜欢秋天了。B: 哦，我喜欢春天。
342,四月,1. 1年のうちの4番目の月,1.一年中的第四个月,A: 来週から四月だよね。B: そうだよ、新学期が始まるよ。,A: 下周就四月了。B: 是的，新学期开始了。
343,四月,2. 新年度、新学期の始まる時期,2.新的一年或新的学期开始的时期,A: あの人、来月から新しい職場に行くんだって。B: そうなんだ、四月からの転職か。,A: 那个人下个月要去新的工作地方了。B: 是啊，四月份转职的吗。
344,困る,1. 困難や問題に直面している状態である,1. 面临困难或问题的状态,A: この問題、解決できないかもしれない。B: それは困るね。,A: 这个问题可能解决不了。B: 那真是麻烦了。
345,困る,2. 他人に迷惑をかけてしまう状況である,2. 面临给他人带来麻烦的情况,A: 今日は予定があるから、あの人を待たせるのは困るなあ。B: うん、ちょっと早めに行こう。,A: 今天有预定，让那个人等待会有麻烦。B: 好的，我们提前一点去吧。
346,国,1. 国家,1.国家,A: あの人はどこの国の人ですか？B: 彼はアメリカの人です。,A: 那个人是哪个国家的人？B: 他是美国人。
347,国,1. 国家、国土,1. 国家、国土,A: あの人はどこの国の人？B: 中国の人だよ。,A: 那个人是哪国人？B: 是中国人。
348,国,2. 同じ共同体を持つ人々の集団,2. 具有相同社区的人们的群体,A: あなたはどこの国の人ですか？B: 日本の国です。,A: 你是哪个国家的人？B: 我是日本人。
349,国,2. 王国、国家,2.王国、国家,A: この物語の舞台はどこの国ですか？B: 魔法の国です。,A: 这个故事的舞台在哪个国家？B: 是魔法国家。
350,国,3. 家族、一門,3.家族、一门,A: あの有名な料理店は三代にわたって経営しているんだって。B: それって、あの国の家族のお店だよね。,A: 那家著名的料理店已经经营了三代人了。B: 那是那个国家的家族的店铺吧。
351,塩,1. 食品の味付けや保存に用いる白色の結晶状物質,1. 一种用于调味和保存食品的白色结晶状物质,A: このスープ、味が薄いなあ。B: 塩を足せばいいんじゃない？,A: 这个汤的味道淡了啊。B: 加点盐不就行了吗？
352,塩,2. 海水から取り出した、食品や調味料に用いる塩,2. 从海水中提取出来用于食品或调味料的盐,A: このパン、味がちょっと変。B: 塩が足りないかも。,A: 这个面包的味道有点怪。B: 可能是盐不够。
353,塩,3. 食物の味付けに用いる塩味の調味料,3. 用于调味食品的咸味调味料,A: このおにぎり、味が薄いね。B: 塩をもう少し入れた方がいいよ。,A: 这个饭团的味道淡啊。B: 加点盐会更好吃的。
354,壊す,1. 物を破損する、壊す,1. 损坏物品,A: 机械が動かないよ。B: ああ、君がそれを壊したからかな。A: いや、壊していないよ。,A: 机器不动了。B: 啊，可能是你弄坏了。A: 不，我没有弄坏。
355,壊す,2. 関係・人間関係などを壊す,2. 破坏关系或人际关系,A: あの人との仕事がうまくいかない。B: そうだね、何かしでかしたらしいよ。今度、謝りに行ったら？A: そうかもね。私のせいで関係を壊したくないし。,A: 我和那个人的工作不顺利。B: 是啊，好像他做了什么错事。下次去道歉一下怎么样？A: 可能吧。我不想因为我的过错破坏关系。
356,声,1. 声音、音、言葉,1.声音、音、语言,A: 君の声はとてもきれいだね。B: ありがとう。,A: 你的声音很好听呢。B: 谢谢。
357,声,2. 発言、主張,2.言论、主张,A: 彼女はあの問題についてどんな声を出していたの？B: あまり意見を出していなかったような気がする。,A: 她对那个问题有什么看法吗？B: 感觉她没有表达意见。
358,声,3. 影響力、存在感,3.影响力、存在感,A: あの歌手は歌声が魅力的だよね。B: そうだね、彼女はとても存在感がある。,A: 那位歌手的歌声很迷人呢。B: 是啊，她非常有存在感。
359,変わる,1. 変化する、異なる状態になる,1. 改变，处于不同的状态,A: 最近、彼の態度が変わったね。B: そうだね、何かあったのかも。,A: 最近他的态度变了。B: 是啊，可能发生了什么事。
360,変わる,2. 代わる、移り変わる,2.变化和过渡,A: 今月の店長は誰に変わったの？B: 山田さんに代わったよ。,A: 这个月的店长换成谁了？B: 换成了山田。
361,失礼,1. 礼儀を欠く行為、またはその言葉,1. 失礼的言行举止,A: あの人、あなたに対して失礼なことを言いましたね。B: ええ、本当に腹が立ちます。,A: 那个人对你说了失礼的话吧。B: 是的，真的很生气。
362,失礼,2. 失敬、遠慮、またはその言葉,2. 失礼、请原谅、让步的话,A: 失礼ながら、もう帰りたいと思います。B: ああ、もうこんな時間ですね。どうぞお気をつけて。,A: 失礼了，我想走了。B: 哦，已经这么晚了。请注意安全。
363,失礼,3. あいさつ、挨拶をする際の言葉,3. 礼节性的问候和道别的话语,A: 失礼します。B: ああ、どうぞお上がりください。,A: 失礼了。B: 哦，请进。
364,女,1. 人間の女性。女子。,1. 女性。女孩子。,A: あの女の人、誰？B: 私の姉です。,A: 那个女的人是谁？B: 是我的姐姐。
365,女,1. 人間の女性。女子。,1. 女性。女孩子。,A: 女の子の誕生日プレゼントに何を買おうかな。B: 彼女は何か欲しいものがあるの？,A: 女孩子的生日礼物应该买什么好呢。B: 她有想要的东西吗？
366,女,1. 女性,1.女性,A: あの新しい社員って女だったんだね。B: そうだよ。名前は山田さんっていうんだ。,A: 那个新员工是女的啊。B: 是啊，名字叫山田。
367,女,2. 女性を象徴するもの。,2. 代表女性的事物。,A: あの会社のマークには女の人のシルエットが描かれているね。B: そうだね、女性が働きやすい職場を目指しているんだろう。,A: 那个公司的标志上画着一个女人的剪影。B: 是啊，他们想要打造一个让女性容易工作的工作环境。
368,女,2. 女性を象徴するもの。,2. 代表女性的事物。,A: あの絵には美しい女が描かれているね。B: そうだね、芸術家は女性を愛でているんだろう。,A: 那幅画上画着美丽的女人。B: 是啊，艺术家在赞美女性。
369,女,2. （文法）女性名詞の一種,2.（语法）一类女性名词,A: この名詞は「女」だから、この文には「彼女」という言葉が使えるよ。B: なるほど、そういうことか。,A: 这个名词是「女」，所以可以在这个句子里用「彼女」这个词。B: 原来如此，我懂了。
370,女,3. 女のことを指す隠語。,3. 指女性的隐语。,A: あの人、女と飲んでるらしいよ。B: えっ、女？女の誰？,A: 那个人好像和女人一起喝酒了。B: 哎呀，女人？是哪个女人？
371,女,3. 女のことを指す隠語。,3. 指女性的隐语。,A: あの人、女好きらしいよ。B: えっ、本当に？,A: 那个人好像喜欢女的。B: 真的吗？
372,女子,1. 女性、女の子,1.女性、女孩,A: 明日のバレーボールの試合に出る女子、誰が一番上手いと思う？B: 私は田中さんが一番だと思うよ。,A: 明天排球比赛参赛的女生里，谁认为最厉害？B: 我认为田中最厉害。
373,女子,2. 女子学生,2.女学生,A: 私たちの学校の女子って可愛い子多くない？B: うん、同意！,A: 我们学校的女学生不是很可爱吗？B: 嗯，同意！
374,女性,1. 生物学的な性別が女性である人,1. 生物学上的女性,A: あの女性は誰ですか？B: 私たちの部署の新しいマネージャーです。,A: 那个女性是谁？B: 我们部门的新经理。
375,女性,2. 女らしい性格や行動をする人,2. 女性化的性格和行为,A: 彼女はとても優しいし、女性らしいと思う。B: はい、私もそう思います。,A: 她非常温柔，做事很女性化。B: 是的，我也这么认为。
376,好き,1. 好む、好感を抱く,1. 喜欢、感到好感,A: あの人、どう？B: えーと、すごく好きだよ。,A: 那个人怎么样？B: 嗯，非常喜欢他。
377,好き,1. 好む、好感を持つ,1. 喜欢、对某事物有好感,A: このドレス、すごく可愛いね。B: ありがとう、私もこのドレスが好き。,A: 这件连衣裙真的很可爱啊。B: 谢谢，我也很喜欢这件衣服。
378,好き,1. 好む、好感を持つ,1. 喜欢、对某事物有好感,A: 君はどんな音楽が好き？B: ロックとジャズが好きだよ。,A: 你喜欢什么样的音乐？B: 我喜欢摇滚和爵士乐。
379,好き,2. こだわりを持つ、嗜好がある,2. 有执着、有喜好,A: ピーマンが嫌いなんだけど、入ってない料理ってある？B: うーん、ピーマン好きな人向けのメニューが多いみたいだね。,A: 我讨厌青椒，有没有不含它的菜？B: 嗯，好像有很多是给喜欢青椒的人准备的菜单。
380,好き,2. 好意、好意的な気持ち,2. 好意、良好的情感,A: あの人が好きなんだけど、告白するべきかな。B: あなたの気持ちが伝わるように、素直に言ったらどう？,A: 我喜欢那个人，但是该不该告白呢？B: 直接坦诚地说出你的感受，让他知道你的想法如何？
381,好き,2. 好意、好意的な気持ち,2. 好意、良好的情感,A: 私は彼女のことが好きだけど、どうしたらいい？B: まずは、彼女の気持ちを確かめることが大切だよ。,A: 我喜欢她，但是该怎么做呢？B: 首先，了解她的感受很重要。
382,嫌い,1. 好きでない、嫌悪感を持っている,1. 不喜欢，对...感到厌恶,A: あの人、どう？B: 私、あの人嫌いなの。,A: 那个人怎么样？B: 我不喜欢那个人。
383,嫌い,2. （〜が）嫌いだ、（〜を）好きではない,2. 讨厌（某人），不喜欢（某物）,A: あなた、甘いもの好き？B: いや、甘いものは嫌いだよ。,A: 你喜欢吃甜食吗？B: 不，我不喜欢甜食。
384,子,1. 人間や動物の子供。,1.人或动物的子女。,A: あの子は何歳ですか？B: あの子は5歳です。,A: 那个孩子多少岁了？B: 那个孩子5岁。
385,子,2. 人間に対して年上の者が呼ぶときに用いる敬称。,2.尊称，用于长辈称呼晚辈时。,A: お父さん、あの子はもう帰りましたか？B: ええ、もう帰りましたよ。,A: 爸爸，那个孩子已经回家了吗？B: 是的，已经回家了。
386,子,3. 物事の起源、源泉を表す語。,3.表示事物的起源，源头的词语。,A: 日本の紅葉はとても美しいね。B: そうなんだよ。京都の紅葉は特に有名だよね。,A: 日本的红叶非常漂亮啊。B: 是啊，京都的红叶尤其有名。
387,子供,1. まだ成人に達していない人、未成年者,1. 未成年人，未成年人,A: 明日は子供の日だね。B: そうだよ、鯉のぼりが飾られるよ。,A: 明天是儿童节。B: 是啊，会挂上鲤鱼旗。
388,子供,2. 自分のものや自分が育てたものを愛する気持ちを込めて呼ぶ語,2. 爱称，表示爱护自己的东西或养育的东西的称呼,A: これは僕の子供だよ。B: そうなんだ、大切にしてるんだね。,A: 这是我的宝贝。B: 哦，是吗，你很珍惜它啊。
389,子犬,1. 生後数か月以内の犬,1. 几个月内的小狗,A: あの家に可愛い子犬がいるよ。B: 本当に？見に行きたいな。,A: 那个家里有只可爱的小狗。B: 真的吗？我想去看看。
390,客,1. お客様、来客,1.客人、来宾,A: 今日は何人か客が来るんだって？B: そうだよ。おばあちゃんとおじいちゃんと従兄弟一家が来るよ。,A: 今天有几个客人要来？B: 对啊，奶奶和爷爷还有堂兄家一家人要来。
391,客,2. 顧客、取引先,2.顾客、客户,A: 昨日は新しい取引先からの客が来たんだ。B: へえ、それでどうだった？A: 納品までに時間がかかりそうだけど、大量に注文が来そうだから頑張らないと。,A: 昨天来了新的客户。B: 哦，那怎么样？A: 发货时间可能会比较长，但是估计会有大量订单，所以必须努力。
392,宿題,1. 学校で課された宿題,1. 在学校中布置的家庭作业,A: 昨日、数学の宿題を忘れた。B: そうなんだ、授業中に先生に言って提出期限を延ばしてもらおうよ。,A: 昨天忘了交数学的家庭作业。B: 是吗，我们跟老师说一声，延长交作业的期限吧。
393,宿題,2. 自分でやるべき仕事や問題,2. 应该自己完成的工作或问题,A: 転職したばかりで仕事が多くて忙しい。B: 仕事は宿題だと思えばいい。1つ1つ解決すればいいから。,A: 刚换工作，很忙。B: 把工作当作作业看待就好了。一个一个地解决问题就行了。
394,寒い,1. 温度が低く、身体が冷える状態である,1. 寒冷，身体感觉冷,A: この部屋、寒いね。B: エアコンをつけるから、もう少し待ってて。,A: 这个房间好冷啊。B: 我来打开空调，再等一下。
395,寒い,1. 温度が低く、身体が冷える状態である,1. 寒冷，身体感觉冷,A: 今日は寒いね。B: そうだね、風も強いから気をつけて帰ろう。,A: 今天好冷啊。B: 是啊，因为风很大，回去要小心。
396,寒い,2. 感じが冷たく、親しみがない,2. 感觉冷漠，没有亲近感,A: あの人、寒い人だね。B: そうだね、あまり話しかけても返事がないし。,A: 那个人感觉很冷漠呢。B: 是啊，就算跟他说话他也不怎么回应。
397,寒い,2. 感じが冷たく、親しみがない,2. 感觉冷漠，没有亲近感,A: 先輩、一緒に飲みに行きませんか？B: いや、今日は用事があるから。A: あー、寒いな。,A: 前辈，要不一起去喝酒吧？B: 不行啊，今天有事情。A: 哎呀，好冷漠啊。
398,小指,1. 手の最も小さい指,1. 手指的小指,A: この指輪、小指にはめると似合うよ。B: へえ、じゃあ買ってみようかな。,A: 这个戒指小指带很合适哦。B: 哦，那我们买来试试吧。
399,小指,2. 事物的极小部分,2. 事物的微小部分,A: この絵、小指ほどの細かさで描かれているんだって。B: すごい細かいなあ、じっくり見てみたいな。,A: 这幅画是用小指那么细的笔画的。B: 真的好细啊，我也想仔细看看。
400,少年,1. 未成年の男の子,1. 未成年男孩,A: この少年は誰ですか？B: ああ、あの学校の新入生です。,A: 这个男孩是谁？B: 哦，那个是那个学校的新生。
401,少年,2. 懐かしい時代、思い出,2.怀旧的时代和回忆,A: あの時、僕たちはまだ少年だったね。B: そうだね、今でも懐かしいな。,A: 那个时候，我们还是少年啊。B: 是啊，现在还是很怀念。
402,局,1. 公共機関、公署,1. 公共机构、公署,A: 公共局で働くってどうですか？B: 給料は安いけど、安定していて良いよ。,A: 在公共机构工作怎么样？B: 薪水虽然不高，但很稳定不错。
403,局,2. （一定の範囲・分野などの）組織、部署,2. （某一领域、范围内的）组织、部门,A: あの会社の営業局ってどこにあるんだろう？B: たしか、１階だったと思いますよ。,A: 那家公司的营业部在哪里呢？B: 我记得应该是在一楼。
404,局,3. （対局・競技などの）場,3. （对局、比赛等的）场所,A: あの将棋大会はどの局で行われるの？B: ６局だよ。,A: 那个将棋比赛在哪个场馆举行？B: 是在6个场馆。
405,山,1. 高くそびえ立つ、険しい自然の地形,1.高耸而陡峭的自然地形,A: あの山、登ったことある？B: いや、登ったことないけど、登りたいな。,A: 那座山你爬过吗？B: 没有，但我想爬。
406,山,2. 大量のものが積み重なっている様子,2.大量堆积的状态,A: 机の上には本が山のように積んであるね。B: そうだね、片付けなくちゃ。,A: 桌子上堆满了书，就像一座山一样。B: 是啊，得整理一下。
407,帰国,1. 自分の国に帰ること,1. 回国,A: 弟さん、いつ帰国するの？B: 来月の初めに帰るつもりだよ。,A: 弟弟，你什么时候回国啊？B: 打算下个月初回去。
408,帰国,2. 一定の期間を過ごした留学生などが、自分の国に戻ること,2. 回国,A: もうすぐ留学が終わるんだけど、帰国するのは寂しいな。B: でも、家族や友達に会えるのは楽しみでしょ。,A: 留学快要结束了，可是回国还是挺寂寞的。B: 不过，能见到家人和朋友还是很开心的吧。
409,形容詞,1. 人や物事の性質や状態を表す言葉,1. 描述人或事物的性质或状态的词语,A: この服、きれいだね。B: うん、色も形もいいよね。,A: 这件衣服真漂亮。B: 是啊，颜色和形状都很好看。
410,形容詞,2. 他の言葉と組み合わせて、より具体的な意味を表す言葉,2. 与其他词汇组合使用，表示更具体的含义的词语,A: 明日、どんな天気になるかな？B: 天気予報を見た方がいいよ。,A: 明天会是什么天气呢？B: 最好看一下天气预报。
411,後,1. あとに続く、後続の,1. 后续的，紧随其后的,A: この研究に関する後の手順は何ですか？B: 実験を行って、その結果を分析する予定です。,A: 这项研究的后续步骤是什么？B: 我们计划进行实验，并分析结果。
412,後,2. 後ろ、背中側,2. 后面，背后,A: 後ろに人がいますよ。B: ああ、すみません。,A: 后面有人。B: 啊，对不起。
413,後,3. 後で、遅れて,3. 以后，晚点,A: 今日は用事があるので、後で会いましょう。B: 了解しました。,A: 今天有事情，稍后见吧。B: 好的，我知道了。
414,後,4. 後方、後ろ側,4. 后方，后面,A: 後ろの列に移動してください。B: はい、わかりました。,A: 请移动到后面的排队。B: 好的，我知道了。
415,後,5. 以降、以後、のち,5. 以后，之后,A: この書類は明日以後に提出してください。B: 了解しました。,A: 这份文件请于明天之后提交。B: 好的，我知道了。
416,御苦労様,1. お疲れ様です、お疲れ様でした,1. 辛苦了、辛苦了（用于感谢他人的辛勤工作或表达对他人工作的尊重）,A: 今日も一日お疲れ様でした。B: ありがとうございます。,A: 今天也辛苦了一天。B: 谢谢。
417,御苦労様,2. 感謝の気持ちを伝える挨拶,2. 感谢对方的礼貌问候和对工作或生活中的辛勤付出的尊重,A: これは私からのお土産です。B: あ、ありがとうございます。御苦労様です。A: どういたしまして。,A: 这是我送的土特产。B: 啊，谢谢。辛苦了。A: 不用客气。
418,御飯,1. 米飯、飯,1.米饭,A: 今晩の夕飯は何がいい？B: 御飯とお味噌汁とおかずはどう？,A: 今晚吃什么好？B: 吃米饭、味噌汤和配菜怎么样？
419,御飯,2. 食事、ごはん,2.饭、饭菜,A: 今日は何を食べようかな？B: 御飯とおかずは作れるけど、スーパーで買った冷凍餃子があるよ。,A: 今天想吃什么呢？B: 米饭和菜可以做，但是超市买的冷冻饺子也有哦。
420,御馳走様,1. 食事を終えた後に言う、おいしいご飯をいただいたことに対する感謝の気持ちを表す言葉,1.用于表示吃过美味的饭菜后的感谢之词,A: ごちそうさまでした。B: どういたしまして、またいらしてくださいね。,A: 御馳走様でした。B: 不用客气，请再来。
421,御馳走様,2. おいしい食事、またはその料理,2. 美味的食物或该菜肴,A: あのレストランのお寿司、本当においしかったよ。B: そうなんだ、あの店の御馳走様は最高だよね。,A: 那家餐厅的寿司真的很好吃。B: 是啊，那家店的美食最好了。
422,心,1. 心臓や血液を送り出す臓器,1. 心脏,A: 最近、心臓の調子が悪いんだ。B: 病院に行った方がいいよ。,A: 最近我的心脏不舒服。B: 最好去医院看看。
423,心,2. 人間の感情、思考、意識などが集中する内面の部分,2. 心灵、思想、意识等集中的内在部分,A: 最近、彼女に想いを告げようと思っているんだ。B: 心の準備ができているなら、思い切って告白してみるといいよ。,A: 最近我想向她表白。B: 如果准备好了的话，就大胆表白吧。
424,心配,1. 気がかりで不安なこと,1. 担心、不安的事情,A: 今日は山田さんが遅れてきたね。B: ええ、私も心配しているわ。,A: 今天山田迟到了。B: 是啊，我也很担心。
425,心配,2. 心配すること、気にかけること,2. 担心、在意的事情,A: 明日の会議に遅れそうで心配だ。B: 大丈夫、私が代わりに説明するから。,A: 明天的会议好像会迟到，我有点担心。B: 没关系，我代替你解释就好了。
426,怖い,1. 恐ろしい、怖がらせる、恐怖を感じる,1. 可怕的，使人害怕，感到恐惧,A: あの場所、怖いって聞いたことある？B: ええ、あそこは幽霊が出るとか言われてるよ。,A: 听说那个地方很可怕，你去过吗？B: 是的，那里被说成有鬼出没。
427,怖い,2. 気味が悪い、嫌な感じがする,2. 令人不舒服，感觉不好,A: あの人、怖いって思わない？B: ああ、私もちょっと気味悪いと思う。,A: 你觉得那个人很可怕吗？B: 嗯，我也觉得有点不舒服。
428,恋人,1. 恋愛関係にある相手,1. 恋爱关系的伴侣,A: 今日はどこか行きたいところある？B: 恋人とデートするために、公園に行こうと思っているよ。,A: 今天你有想去的地方吗？B: 我打算和恋人去公园约会。
429,恋人,2. 情熱的な愛情を感じる相手,2. 有强烈爱情感情的伴侣,A: あの2人は恋人同士だよね？B: そうだよ。お互いに本当に愛し合っているんだ。,A: 那两个人是恋人吧？B: 对。他们相互深爱着对方。
430,授業,1. 教えること、教育の内容,1. 教学、教育内容,A: あの教授の授業は面白いね。B: そうだね、毎回楽しみにしてるよ。,A: 那位教授的课很有意思。B: 是啊，每次都很期待。
431,授業,2. 教えること、教育の行為,2. 授课、讲授,A: 今日の授業は何をやるんだっけ？B: 今日は国語の先生が来て授業があるよ。,A: 今天上什么课来着？B: 今天有语文老师来授课。
432,携帯電話,1. 携帯電話、携帯,1. 手机，移动电话,A: 電車で音楽を聴くのは迷惑だよ。B: だったら携帯電話で聴けばいいじゃん。,A: 在电车上听音乐很讨厌。B: 那就用手机听吧。
433,携帯電話,2. 携帯電話、携帯端末,2. 手机，移动终端,A: 会議中は携帯電話を切りましょう。B: はい、わかりました。,A: 会议中要关闭手机。B: 好的，我知道了。
434,教会,1. キリスト教の礼拝・宗教活動を行う建物,1.进行基督教礼拜和宗教活动的建筑物,A: 今度日曜日、教会に行かない？B: いいね、久しぶりに行くの。A: 昔よく行ってたよね？B: うん、だけど最近は忙しくて行けてなかったんだ。,A: 下个星期天，去教堂吧？B: 好啊，好久没去了。A: 以前经常去的吧？B: 是的，但最近太忙了没去成。
435,教会,2. 信仰の集まり、会衆、宗教団体,2.信仰聚集地，信徒会众，宗教团体,A: 君、あの教会に入ってるでしょ？B: うん、そうなんだ。A: 活動とかあるの？B: あるよ、毎週集まってお祈りしたりしてる。,A: 你加入那个教堂了吧？B: 是的。A: 有活动之类的吗？B: 有的，每周我们会聚集一起祷告。
436,教室,1. 学校や講義などで授業を行うための部屋,1. 学校或讲座中进行授课的房间,A: 今日はどの教室で授業があるの？B: 2号館の301教室です。,A: 今天的课在哪个教室上？B: 在2号楼的301教室。
437,教師,1. 学校の先生、教育に従事する人。,1. 学校老师、从事教育工作的人。,A: あの教師は教え方がわかりやすいよね。B: そうだね、生徒たちからも人気があるんだ。,A: 那个老师的教学方法很易懂。B: 是的，学生们也很喜欢他。
438,教師,1. 学校の先生、教育に従事する人。,1. 学校老师、从事教育工作的人。,A: 私は野球を教える教師になりたいんだ。B: 熱意があれば、うまくいくよ。,A: 我想成为教棒球的老师。B: 如果有热情，一定能成功。
439,教師,2. 偉人・前人、あるいは先達から学ぶべきことを示す。,2. 应该向先贤学习的智者、前辈。,A: 彼女は人生の教師として私に多くのことを教えてくれた。B: 本当に素晴らしい先輩だね。,A: 她作为我的人生导师，教会了我很多东西。B: 真的是一位很棒的前辈。
440,教科書,1. 学校や教育機関で使用する教材の一種で、ある学科の内容を体系的にまとめた書物。,1. 学校或教育机构使用的一种教材，系统地总结了某一学科的内容。,A: 明日は数学のテストだよ。教科書を忘れないでね。B: 大丈夫、もうバッグに入れたよ。,A: 明天要考数学，别忘了带教科书。B: 放心吧，我已经放在书包里了。
441,教科書,1. 学校や教育機関で使用する教材の一種で、ある学科の内容を体系的にまとめた書物。,1. 学校或教育机构使用的一种教材，系统地总结了某一学科的内容。,A: 最近、教科書が新しいものに変わったらしいよ。B: そうだね、中学生は英語も習うから、英語の教科書も増えたみたい。,A: 最近好像换了新的教科书。B: 是啊，因为初中生还要学英语，所以英语的教科书也增加了。
442,散歩,1. のんびりと歩きながら気分転換をすること。,1.漫步、散步,A: 今日はいい天気だから、散歩でも行かない？B: いいね、公園に行こうよ。,A: 今天天气很好，我们去散步怎么样？B: 好啊，去公园吧。
443,散歩,2. 仕事や勉強をしているときに、少しの休憩を兼ねて、外を歩くこと。,2. 散步，走走以放松身心,A: 仕事疲れた？少し休憩しようよ。B: そうだね、外で散歩でもしようか。,A: 工作累了？休息一下吧。B: 好的，出去走走吧。
444,新幹線,1. 世界初の高速鉄道で、日本の主要都市を結ぶ列車の総称,1. 世界上第一条高速列车，连接日本的主要城市的火车总称,A: 東京から大阪に行くのに、新幹線に乗ります。B: ああ、それは速いですよね。,A: 去大阪要坐新干线。B: 嗯，那可真快啊。
445,新聞,1. 日刊・週刊・月刊などの定期刊行物。主に報道・解説・広告などを掲載する。 ,1. 指日报、周报、月刊等定期出版物。主要刊载新闻报道、评论、广告等内容。,A: 今日の新聞、見ましたか？B: いいえ、まだ見ていません。何かニュースがありましたか？,A: 你看了今天的报纸吗？B: 没有，还没看。有什么新闻吗？
446,新聞,1. 日刊・週刊・月刊などの定期刊行物。主に報道・解説・広告などを掲載する。 ,1. 指日报、周报、月刊等定期出版物。主要刊载新闻报道、评论、广告等内容。,A: 新聞によると、明日は雨が降るみたいですね。B: そうですか。明日は傘を持って行かないと。,A: 据新闻报道，明天好像会下雨。B: 是吗，那明天得带把伞。
447,新聞,2. 新しい情報・知識を表す語。,2. 表示新的信息、知识的词语。,A: あの人は常に新聞を読んでいるそうですよ。B: そうなんですか。その人は多分とても教養があると思います。,A: 那个人听说一直在看报纸。B: 是吗。那个人可能很有教养。
448,新聞紙,1. 新聞の記事が印刷された紙,1. 印刷有新闻文章的纸张,A: 昨日の新聞紙を捨てた？B: はい、もう読み終わったから。,A: 你扔了昨天的报纸了吗？B: 是的，我已经读完了。
449,新聞紙,2. 新しい情報、出来事、状況を伝える手段,2. 传递新信息、事件、情况的手段,A: 最近、新聞紙で面白い記事を見つけたよ。B: それは何だったの？,A: 最近在报纸上看到了有趣的文章。B: 是什么？
450,日,1. 太陽のこと,1. 太阳,A: 今日は天気がいいね。B: そうだね、日が照って気持ちがいい。,A: 今天天气很好啊。B: 是啊，阳光很暖和舒适。
451,日,2. 1日、24時間,2. 一天、24小时,A: 明日は休日だよね？B: そうだよ、1日中ゆっくりできる。,A: 明天是休息日对吧？B: 是的，整整一天可以好好休息。
452,日,3. 日本のこと,3. 日本,A: 今年の夏休みはどこに行くの？B: 日本に行く予定だよ。,A: 今年暑假要去哪里玩？B: 打算去日本。
453,日,4. 日常、毎日のこと,4. 日常、每天的事情,A: 彼は日課としてジョギングをしているよ。B: そうだね、健康にいいね。,A: 他每天都会慢跑做为日常锻炼。B: 是啊，这对身体很有益。
454,昨日,1. 一昨日の前の日、過去の1日目,1. 前天、过去的第一天,A: 昨日は何をしていたの？B: 家でゆっくりしていたよ。,A: 昨天你做了什么？B: 在家里悠闲地度过了一天。
455,昨日,2. この表現の前の日のことを指す場合がある,2. 有时用于指代这个词之前的那一天,A: 昨日って何の日だっけ？B: 記念日だったよ。,A: 昨天是什么日子来着？B: 是纪念日。
456,時,1. 時間、時刻,1. 时间、时刻,A: 今何時？B: 3時だよ。,A: 现在几点？B: 3点钟。
457,時,1. 時間の単位,1. 时间单位,A: 明日の会議は何時からですか？B: 午後2時からです。,A: 明天的会议从几点开始？B: 从下午两点开始。
458,時,1. 時間の単位、時刻,1. 时间单位、时间,A: 今、何時ですか？B: 今、十時です。,A: 现在几点了？B: 现在十点。
459,時,2. 時代、世の中の状況,2. 时代、社会现象,A: あの人は昔の時代に生きた人なんだって。B: そうなの？面白いね。,A: 那个人是生活在旧时代的人。B: 是吗？很有意思呢。
460,時,2. 特定の時間,2. 特定时间,A: もうすぐ時計の針が12時になりますね。B: そうだね、お腹すいた。,A: 钟的指针马上就要到12点了。B: 是啊，我肚子饿了。
461,時,2. 特定の期間、季節、時節,2. 特定的时间、季节、时节,A: いい時期に来たね。桜が綺麗だよ。B: そうだね。春はいい時だね。,A: 来的正是好时候。樱花很漂亮。B: 是啊。春天是个好时节。
462,時,3. また、その時代、その状況,3. 那个时代、那个情况,A: あの映画、昭和時代を描いていたんだって。B: そうなんだ。昭和時代って、なんか懐かしいよね。,A: 那部电影描绘的是昭和时代。B: 是啊。昭和时代感觉有点怀旧呢。
463,時,3. 時期、時代,3. 时期、时代,A: あの映画は何時代の話なの？B: 昭和時代の話だよ。,A: 那个电影是讲什么时代的故事？B: 是讲昭和时代的故事。
464,時,3. （一定の状況や場合に）適している時間,3. 适合特定的时间或场合,A: 会議はいつにする？B: そうだね、今日の夕方がいいかな。A: じゃあ、6時にしようか。B: うん、それでいいよ。,A: 开会什么时候比较好？B: 嗯，今天傍晚可以吗？A: 那么6点钟好吗？B: 好的，没问题。
465,時間,1. 時刻、時,1. 时间,A: 今何時？B: 11時半だよ。,A: 现在几点了？B: 已经11点半了。
466,時間,1. 時刻、時間の経過を表す単位,1. 时间，用于表示时间流逝的单位,A: あと10分で出発だよ。B: 時間があるから、ゆっくりしていこう。,A: 还有10分钟就要出发了。B: 还有时间，我们可以慢慢走。
467,時間,1. 時刻、時間の経過を表す単位,1. 时间，用于表示时间流逝的单位,A: 今何時？B: 3時だよ。,A: 现在几点了？B: 3点钟。
468,時間,2. 期間、時間帯,2. 时间段、时间带,A: 明日、何時から何時まで授業があるの？B: 9時から12時までだよ。,A: 明天上课从几点开始到几点结束？B: 从9点到12点。
469,時間,2. 期間、時間的な範囲,2. 时间的范围和期间,A: このプロジェクトの期間はどのくらい？B: 1年間だよ。,A: 这个项目的期间是多长时间呢？B: 1年时间。
470,時間,2. 期間、時間的な範囲,2. 时间的范围和期间,A: その映画、どのくらいの時間かかるの？B: 2時間半くらいだよ。,A: 那个电影需要多长时间呢？B: 大约需要2个半小时。
471,時間,3. 時代、時勢,3. 时代、时势,A: 昭和とはどんな時代だったの？B: 大正時代の後、昭和天皇の治世の時代だよ。,A: 昭和是个什么时代？B: 它是大正时代之后，昭和天皇治下的时代。
472,暗い,1. 光がない、明るさが不足している,1. 黑暗，没有光亮,A: この部屋、暗くない？B: うん、もう少し明かりをつけようか。,A: 这个房间不暗吗？B: 嗯，要不要再开一点灯？
473,暗い,2. 雰囲気が重く、気持ちが沈む,2. 气氛沉闷，情绪低落,A: 最近、彼女が暗いんだ。B: 何か悩みでもあるのかな。,A: 最近她情绪低落。B: 是不是有什么烦恼啊。
474,暗い,3. 明るさが不足して、はっきりと見えない,3. 暗淡，看不清楚,A: この写真、暗くて顔がよく見えないね。B: そうだね、明るさを調整してみよう。,A: 这张照片看不清楚脸啊。B: 是啊，调整一下亮度试试。
475,曇り,1. 天気が曇っている状態,1. 阴天,A: 明日の天気はどうかな？B: 曇りのち雨みたいだよ。,A: 明天天气怎么样？B: 据说是阴天转雨。
476,曇り,2. 目がくもっている状態,2. 眼睛朦胧,A: どうしたの？目が曇ってるよ。B: 眠いからだよ。,A: 怎么了？眼睛看起来很朦胧。B: 因为很困。
477,曇る,1. 雲が広がって、日が隠れる,1. 云层遮蔽太阳，天空变暗,A: 今日は曇っていて、外で遊ぶのはやめた方がいいかもしれないね。B: そうだね、部屋でゲームしよう。,A: 今天阴天，可能最好不要出去玩。B: 是啊，我们在房间里玩游戏吧。
478,曇る,2. わかりにくい、暗い,2. 含糊不清，不明确,A: この小説の意味が曇っているようだ。B: そうだね、複雑なストーリーだから理解が難しいかもしれない。,A: 这本小说的意思好像含糊不清。B: 是的，因为这是一个复杂的故事，可能难以理解。
479,最後,1. 何かの中で一番後ろの部分,1.某物中的最后部分,A: 列車の最後に乗っているのは、荷物車両だけだよ。B: そうなんだ、わかったよ。,A: 车厢的最后只有货车。B: 是吗，知道了。
480,最後,2. 最も遅い時刻,2.最晚的时间,A: 映画は何時から始まるの？B: 最後の上映は午後10時からだよ。,A: 电影从什么时候开始？B: 最后一场是从晚上10点开始的。
481,最後,3. ある期間の終わりの時点,3.某段时间的结束时点,A: 明日が期限だよ。B: 最後の締め切りは何時まで？,A: 明天是截止日期。B: 最后的截止时间是什么时候？
482,最近,1. 直近の時間、最近の出来事,1. 最近的时间、最近的事情,A: 最近、何をしているの？B: 最近は本を読んで過ごしてるよ。,A: 最近在干什么？B: 最近看书过日子。
483,最近,2. 最新の、最近の情報,2. 最新的、最近的消息,A: 最近のニュースは聞いた？B: 何かあったの？A: 新しいコロナの変異種が出たって言ってるよ。,A: 听到最近的新闻了吗？B: 有什么事吗？A: 他们说出现了新的冠状病毒变异种。
484,月,1. 1か月、30または31日の期間,1.一个月，30或31天的时间段,A: 来月の予定は何か決まってる？B: まだ何も決まってないよ。,A: 下个月的计划有定下来吗？B: 还没有决定。
485,月,2. 月齢（つきおとし）：月が満ち欠けする周期,2.月相：月亮的盈亏周期,A: 昨日の満月は綺麗だったね。B: そうだったね。今月の月齢はどのくらい？,A: 昨天的满月很漂亮。B: 是啊。这个月的月相是多少？
486,月,3. 月給（げっきゅう）：1か月分の給料,3.月薪：一个月的工资,A: あの社長、月給いくらくらいだと思う？B: たぶん200万円以上だと思うよ。,A: 那个社长的月薪大概是多少？B: 我觉得应该是200万日元以上。
487,月曜,週の始めの曜日の一つで、日曜日の次に来る平日。英語ではMondayという。,一周的开始，紧接着星期日的一天工作日。英语中为Monday。,A: 今日は月曜日だね。B: そうだよ。今週も頑張ろう！,A: 今天是星期一。B: 是的。这周也要加油！
488,月曜,週の始めの曜日の一つで、日曜日の次に来る平日。英語ではMondayという。,一周的开始，紧接着星期日的一天工作日。英语中为Monday。,A: 月曜日って辛いよね。B: そうだね。でも、一週間頑張って乗り切ろう！,A: 星期一好累啊。B: 是啊。但是，我们要努力工作度过这一周！
489,月曜日,1. 週の最初の曜日,1.一周的第一天，星期一,A: 今日は何曜日？B: 月曜日だよ。,A: 今天是星期几？B: 是星期一。
490,木,1. 木材、木製品,1. 木材、木制品,A: この机は木で作られているの？B: そうだよ、オークの木材を使っているんだ。,A: 这张桌子是用木头做的吗？B: 是的，我们用橡木制成的。
491,木,2. 木の実,2. 树果、木子,A: 美味しい木の実って何かある？B: たとえば栗や松の実、クルミなどがあるよ。,A: 有哪些好吃的树果呢？B: 比如说栗子、松子、核桃等等。
492,木,3. 木製の,3. 木制的,A: このテーブルは素敵だね。B: ありがとう、私の父が手作りした木製のものなんだ。,A: 这张桌子真漂亮啊。B: 谢谢，这是我父亲亲手制作的木制品。
493,木,4. 木々、森林,4. 树木、森林,A: 明日は山に行って、木々の中でピクニックをしようよ。B: いいアイデアだね、森林浴もできるし。,A: 明天我们去山上，在树林中野餐吧。B: 好主意，还可以进行森林浴。
494,来る,1. 行く先からこちらへ向かってくる,1. 从别的地方到这里来,A: 今日は友達が家に来るんだ。B: そうなんだ、何時に来るの？,A: 今天朋友会来我家。B: 是吗？他几点到？
495,来る,2. 未来のある時点にやってくる,2. 到达未来的某一时刻,A: 来週、忘年会があるんだ。B: そうなんだ、楽しみにしてるよ。A: うん、あと数日で来るね。,A: 下周有年终聚会。B: 是吗？我期待着呢。A: 嗯，再过几天就要到了。
496,来る,3. 予定されている,3. 已经被安排,A: 今夜は誰がパーティーに来るの？B: トム、サラ、ジェーン、そして私たちが来る予定だよ。,A: 今晚有谁会来参加派对？B: Tom、Sara、Jane和我们计划都会来。
497,果物,1. 植物の成熟した果実。,1. 成熟的植物果实。,A: このスーパーで新鮮な果物を買いたい。B: この店は新鮮な果物が豊富だよ。,A: 我想在这个超市买新鲜的水果。B: 这家店有很多新鲜的水果。
498,果物,2. 話題、作品などの要点。,2. 话题、作品等的要点。,A: 彼の話の果物を教えてよ。B: 彼は旅行が好きで、インドネシアにいったことがあるんだって。,A: 告诉我他的故事的要点。B: 他喜欢旅行，去过印度尼西亚。
499,柔道,1. 体術の一種で、相手の力を利用して投げたり、抑え込んだりする技を用いる競技。,1. 一种体术运动，利用对手的力量进行投掷或控制的技术。,A: 明日、柔道の大会があるから、応援に来てくれない？B: いいよ。頑張ってね。,A: 明天有柔道比赛，你能来为我加油吗？B: 好的，加油哦。
500,柔道,2. 柔道の技を行うこと。,2. 进行柔道技术的行为。,A: あの人は柔道の達人だよ。B: そうなんだ。試合で勝てるかな。,A: 那个人是柔道高手。B: 是吗，比赛能赢吗？
501,校,1. 学校の略称,1. 学校的缩写,A: 今日の午後、校庭で運動会があるよ。B: えっ、運動会？今日だったっけ？,A: 今天下午在操场上有运动会。B: 什么？运动会？今天吗？
502,校,2. 植物の一種で、葉が円形または楕円形であるもの,2. 一种植物，其叶子为圆形或椭圆形,A: あの木の名前は何と言うの？B: あの木は、「校（こう）」と言います。,A: 那棵树叫什么名字？B: 那棵树叫做“校”。
503,校長,1. 学校の長、校長先生,1. 学校的长，校长老师,A: 今日の式典には校長先生も出席されますか？B: はい、もちろん出席されますよ。,A: 今天的典礼校长老师也会出席吗？B: 是的，他当然会出席。
504,校長,2. 校舎の管理者、学校運営の責任者,2. 校舍的管理员，学校运营的负责人,A: 明日のPTAの会議には校長先生も出席するの？B: いいえ、校長先生は多忙で出席できないとのことです。,A: 明天的PTA会议校长老师会参加吗？B: 不，校长老师很忙，不能参加。
505,桜,1. 桜の木、または桜の花。,1. 樱花树或樱花。,A: 来週は桜の季節だよね。B: そうだよ。お花見に行きたいな。,A: 下周是樱花季节吧。B: 是啊。我想去赏花。
506,桜,2. （桜色の）淡いピンク色。,2. （樱花色的）浅粉色。,A: この色、桜色って言うんだって。B: そうなんだ。可愛い色だね。,A: 这个颜色叫樱花色哦。B: 是吗，真可爱的颜色。
507,様,1. 尊敬の気持ちを表す敬称（男性や女性に対して使われる）,1. 表示尊敬的敬称（针对男性或女性使用）,A: あの方はどなたですか？B: あの方は山田様です。,A: 那位是谁？B: 那位是山田先生/女士。
508,様,2. 形式名詞で、様々なものを列挙する際に用いる,2. 用作形式名词，在列举各种事物时使用,A: お客様、お待たせしました。B: それでは、ご注文をお伺いいたします。飲み物はお決まりでしょうか？A: はい。コーヒー、紅茶、ジュース、お水をください。,A: 客人，久等了。B: 那我们来听取点餐吧。您要喝点什么？A: 好的，我要一杯咖啡，一杯红茶，一杯果汁和一杯水。
509,機,1. 機械、マシン,1. 机器、设备,A: この工場の機の性能はいいね。B: そうだね、最新の技術が使われているんだ。,A: 这家工厂的机器性能很好啊。B: 是啊，使用了最新的技术。
510,機,2. チャンス、機会,2. 机会,A: 彼女に告白したら、振られちゃった。B: 次は別の女性にアプローチする機を作ってみては？,A: 我向她告白了，但她拒绝了。B: 那你试试给其他女生留个机会吧。
511,機,3. 飛行機,3. 飞机,A: 来週の出張は飛行機で行くんだって。B: そうなんだ、出張先はどこ？,A: 下周的出差要坐飞机去。B: 是吗？出差地点在哪里？
512,欠席,1. 出席しないこと,1.缺席,A: 明日の会議に参加できなくなった。B: そうなの？欠席の連絡をしなくては。,A: 明天的会议不能参加了。B: 是吗？必须通知缺席。
513,欠席,2. 欠点、不足していること,2.缺点、不足之处,A: 彼の作品には何か欠席があるように感じる。B: そうかもしれないね。,A: 我感觉他的作品有些缺点。B: 是吗，可能吧。
514,正月,1. 日本の伝統的なお正月の期間を指す,1. 指日本传统的新年时期,A: 正月にはどんな食べ物がありますか？B: おせちやお雑煮などがありますよ。,A: 新年时期有哪些食物呢？B: 有御節料理和汤食等。
515,正月,2. 新年を迎える期間全体を指す,2. 指迎接新年的整个时期,A: 正月には何をするのが一般的ですか？B: 家族で集まってお祝いすることが多いですね。,A: 新年时期一般都做些什么？B: 经常是和家人一起聚会庆祝。
516,歳,1. 年齢の単位。1歳は1年間生きたことを表す,1. 年龄单位。1岁表示活了1年。,A: あの子は今年何歳ですか？B: 10歳です。,A: 那个孩子今年几岁了？B: 10岁。
517,歳,2. 1年間。,2. 一年。,A: 彼女と付き合って、もう3歳になるんだ。B: 早いね。,A: 和女朋友在一起已经三年了。B: 时间过得真快。
518,死ぬ,1. 命が尽きる、死亡する,1. 死亡,A: あの人、先月事故で死んだそうだよ。B: え、まじか…。お悔やみ申し上げます。,A: 那个人据说在上个月发生了事故去世了。B: 啊，真的吗...请节哀。
519,死ぬ,2. 劇的な変化を遂げる,2. 发生剧烈变化,A: 昨日、急に天気が死んだように悪くなったね。B: そうだね、傘を持ってなかったから大変だったよ。,A: 昨天天气突然变得非常糟糕了。B: 是啊，我没带伞，很糟糕。
520,残念,1. 望みが叶わなかったことを惜しむ気持ち,1.感到遗憾或失望,A: 昨日の試合、負けちゃったよ。B: えっ、残念だったね。,A: 昨天的比赛输了。B: 哎呀，太遗憾了。
521,残念,1. 望みが叶わなかったことを惜しむ気持ち,1.感到遗憾或失望,A: 試験に合格できなかった。B: 残念だったね。次回頑張ろう。,A: 没有通过考试。B: 太遗憾了。下次加油。
522,残念,1. 期待した結果が得られず、がっかりする気持ち,1. 失望的情感，没有达到期望的结果,A: 昨日の試合、負けちゃった。B: ああ、残念だったね。,A: 昨天的比赛输了。B: 噢，很遗憾啊。
523,残念,2. 未熟、不完全であること,2. 不够成熟、不完整,A: 彼の日本語力はまだまだだね。B: そうだね、まだ残念なところがあるよね。,A: 他的日语水平还不够好呢。B: 是啊，还有不够完善的地方呢。
524,毛,1. 人間や動物の体毛、獣毛,1. 人和动物的毛发、兽毛,A: 猫は毛並みが綺麗ね。B: うん、でも毛が抜けるから掃除が大変だわ。,A: 猫的毛发很漂亮呢。B: 是的，但它会掉毛，所以清洁很麻烦。
525,毛,2. 羊やウサギ、カシミアヤギなどの原毛,2. 羊毛、兔毛、开司米山羊等的原毛,A: このセーターは毛100％のようだね。B: そうだね、柔らかくて暖かいよ。,A: 这件毛衣看起来好像是100%毛的。B: 是的，柔软又暖和。
526,毛,3. 植物の細かい毛状突起。,3. 植物的细毛状突起。,A: この葉っぱには毛がある。B: 確かに、細かいけど触ると気持ちいいね。,A: 这片叶子上有毛。B: 是啊，虽然很细，但摸起来很舒服。
527,気分,1. 気持ちの状態、心の持ち方,1. 心情，情绪状态,A: どうしたの？顔色が悪いよ。B: ちょっと気分が悪いだけだから大丈夫。,A: 怎么了？脸色不太好啊。B: 只是有点不舒服，没事的。
528,気分,2. 気持ちの変化、ムード,2. 情绪变化，氛围,A: 今日のパーティー、どんな雰囲気だったの？B: 最初は活気があったけど、だんだん気分が落ち着いてきたよ。,A: 今天的派对气氛怎么样？B: 刚开始很热闹，但是后来气氛渐渐安静下来了。
529,気持ち,1. 感情、心情,1. 感情、心情,A: どうしたの？最近気持ちが落ち込んでいるみたいだけど。B: うん、なんとなく悲しい気持ちがあるんだ。,A: 怎么了？最近心情好像有点低落。B: 嗯，有点悲伤的感觉。
530,気持ち,2. 意向、意思,2. 意向、意思,A: この映画を見たいんだけど、君はどう思う？B: うん、私も見たい気持ちがあるよ。,A: 我想看这部电影，你怎么想？B: 嗯，我也有想看的意向。
531,気持ち良い,1. 心地よい、心が落ち着く感じがする,1. 舒适、感觉心情放松,A: 今日の天気は気持ち良いね。B: そうだね、外で散歩したい気分だ。,A: 今天的天气很好呢。B: 是啊，我很想出去散步。
532,気持ち良い,2. 気持ちが良くなるような、心地よいことが起きる,2. 发生让人感到舒适的事情,A: お風呂に入ると気持ち良くなるね。B: 本当にそうだね。,A: 泡澡会让人感到舒适呢。B: 是啊，真的是这样。
533,水,1. 液体の一種で、無色透明、無味無臭、水色のものが一般的。,1. 一种液体，通常是无色透明、无味无臭、呈水色。,A: 水を飲みたいけど、水道水は飲めるのかな？B: 日本の水道水は大丈夫だと思うよ。,A: 想喝水，但自来水能喝吗？B: 我认为日本的自来水没问题。
534,水,2. 液体以外のものがある状態を表す語。,2. 表示液体以外的状态的词语。,A: 濡れた服を乾かすにはどうすればいい？B: 日本の家庭では、洗濯機の機能で水を切り、風通しの良い場所に干すことが一般的だよ。,A: 怎样才能干衣服？B: 在日本家庭中，通常使用洗衣机的功能把水甩干，然后晾在通风良好的地方。
535,水,3. 海、川、湖、プールなどの水域全般を表す語。,3. 表示海、河、湖、游泳池等水域的词语。,A: 明日、海で泳ぎたいけど、天気が心配だね。B: 大丈夫だよ、明日の天気予報は晴れだから。,A: 明天想去海里游泳，但天气担心。B: 没关系，明天天气预报说是晴天。
536,水曜,1. 週の中で火曜日と木曜日の間にある曜日,1. 星期三,A: 今日は何曜日？B: 水曜日だよ。,A: 今天星期几？B: 星期三。
537,水曜日,1. 週の中の曜日の一つで、火曜日と木曜日の間にある曜日,1. 星期三，是一周中在星期二和星期四之间的日子,A: 今日は何曜日？B: 水曜日だよ。,A: 今天是星期几？B: 是星期三。
538,水泳,1. 水中で泳ぐこと,1. 在水中游泳,A: 夏に何かスポーツをやりたいんだけど、何かいいのない？B: 水泳はどう？涼しくて気持ちいいよ。,A: 夏天想做些运动，你有什么好建议吗？B: 游泳怎么样？既凉爽又舒服。
539,氷,1. 水が凍ったもの。,1. 冰,A: 今日は暑いから、水に氷を入れて飲みたい。B: オッケー、冷蔵庫に氷があるよ。,A: 今天很热，我想在水里加点冰来喝。B: 好的，冰箱里有冰。
540,氷,2. 金属などを冷やして硬くすること。,2. 冷却金属等使其变硬。,A: この熱い鉄板を冷やすために、氷で冷やせるかな？B: うーん、鉄に直接氷を使うと破損するかもしれないから、別の方法を考えよう。,A: 为了冷却这个热的铁板，可以用冰冷却吗？B: 嗯，如果直接用冰放在铁板上，可能会损坏铁板，我们考虑其他的方法吧。
541,汚い,1. 不潔な、汚れた,1. 肮脏的，脏的,A: あのレストランの厨房って汚いよね。B: 本当にひどいよね。,A: 那家餐厅的厨房很脏，不是吗？B: 真的太可怕了。
542,汚い,2. 不正な、不名誉な,2. 不诚实的，不光彩的,A: 彼女は汚い手段でお金を稼いでいるんだって。B: そんなことをするなんて信じられないな。,A: 她通过不正当手段赚钱。B: 我无法相信这种行为。
543,決まる,1.決定する,1.决定,A: 今晩何する？B: 映画を見に行くことに決まったよ。,A: 今晚干什么？B: 我们决定去看电影了。
544,決まる,2. 形成する、成立する,2.形成、成立,A: この計画はいつ決まるの？B: 来週の月曜日に会議で決まる予定です。,A: 这个计划什么时候决定？B: 下周一在会议上决定。
545,決まる,3. 定まる、決着がつく,3.确定，结束,A: 明日の天気はどうなるかな？B: 今晩中には決まると思うよ。,A: 明天的天气会怎样呢？B: 我想今晚之前应该能确定。
546,決める,1. ある事柄について、決定する、決心する,1.决定、决心,A: 今日のランチは何にする？B: そうだね、サンドイッチにしようか。A: それで決めたわけ？B: はい、そうするよ。,A: 今天午餐吃什么？B: 那个，三明治怎么样？A: 就这么决定了？B: 对，就这么决定吧。
547,決める,2. ある条件に基づいて、選び出す、決定する,2.根据某种条件挑选、决定,A: 今度の旅行、どこに行く？B: そうだね、温泉がいいな。A: じゃあ、どこの温泉にする？B: えっと、長野県の軽井沢にしようか。A: なるほど、それで決めたのね。,A: 下次旅行去哪里？B: 那个，温泉怎么样？A: 那就去哪个温泉？B: 呃，那就去长野县的轻井泽吧。A: 哦，那就这么决定了。
548,消える,1. 見えなくなる、なくなる,1. 消失，不见了,A: お母さん、鍵見つけた？B: いいえ、まだ見つからなくて、どこかに消えたみたいだわ。,A: 妈妈，找到钥匙了吗？B: 没有，好像消失在哪里了。
549,消える,2. 音や光が弱くなっていく、聞こえなくなる,2.声音或光变弱，听不见或看不见了,A: 雷鳴はどこに行ったの？B: どうやら消えたようだね。,A: 雷声去哪里了？B: 好像消失了。
550,消す,1. 火や電気、光などを消す,1. 关灯、断电、熄灭,A: 電気を消してもいいですか？B: はい、結構ですよ。,A: 可以把灯关了吗？B: 好的，没问题。
551,消す,2. かき消す、目立たなくする,2. 抹去、掩盖、淡化,A: この文字は消してもいいですか？B: はい、消してください。,A: 这些文字可以擦掉吗？B: 可以，擦掉就好了。
552,消す,3. 消えるようになくなる,3. 消失、消散,A: このマジックはどうやって消しますか？B: 時間が経てば自然に消えますよ。,A: 这个魔术怎么才能消失呢？B: 时间长了自然就会消失了。
553,渇く,1. 水分が不足する、喉が渇く,1. 水分不足，口渴,A: あの人、何か言いたそうにしてるね。B: きっと喉が渇いたんじゃない？,A: 那个人看上去好像想说什么。B: 也许是口渴了吧？
554,渇く,1. 水分が不足する、喉が渇く,1. 水分不足，口渴,A: 暑いね。水でも買ってこようか。B: ありがとう、喉が渇いたから助かるよ。,A: 真热啊，买点水来喝吧。B: 谢谢，口渴了，你真是救星。
555,渇く,2. 心身ともに欲求不満になる、何かを求める,2. 心理和生理上的不满足，渴望某物,A: 何か楽しみがないとストレスたまるよね。B: そうだね、何か渇いたものがあるんだろう。,A: 没有什么乐趣会积累压力。B: 是啊，可能是渴望某些东西吧。
556,渇く,2. 心身ともに欲求不満になる、何かを求める,2. 心理和生理上的不满足，渴望某物,A: 最近、何か物足りないと思わない？B: そうなんだよね。何か渇いた気がする。,A: 最近感觉缺点什么吗？B: 是啊，感觉有些不满足，好像渴望什么。
557,漢字,1. 日本や中国で使用されている、表意文字のうち、古代から中国で発展した文字。,1.日本和中国使用的表意文字之一，源自中国的古代文字。,A: 次のテストで漢字がたくさん出るそうだよ。B: そうなんだ、勉強しないと。,A: 下一次考试中好像会考很多汉字。B: 是啊，要好好学习了。
558,漢字,2. 漢字を書くこと。,2.写汉字的过程。,A: あの人は漢字がきれいに書けるんだって。B: へえ、私は苦手だなあ。,A: 那个人据说写汉字写得很漂亮。B: 噢，我不擅长写汉字。
559,牛丼,1. 牛肉鍋に入れたご飯の上に煮汁をかけた料理,1. 煮牛肉汤后盛在饭上的料理,A: 今日は何を食べたい？B: 牛丼がいいな。A: 分かった、行こう。,A: 今天想吃什么？B: 吃牛丼吧。A: 好的，我们去吃吧。
560,牛乳,1. 牛から搾った乳。,1. 牛奶,A: 朝食に何がいい？B: 牛乳とトーストがいいよ。,A: 早餐吃什么好呢？B: 牛奶和吐司很不错。
561,牛乳,2. 牛乳を原料として作った製品。,2. 以牛奶为原料制作的产品,A: 明日の朝食は何がいい？B: ヨーグルトやチーズなど、牛乳製品を摂るといいよ。,A: 明天早餐吃什么好呢？B: 吃酸奶、奶酪等牛奶制品很不错。
562,牛肉,1. 牛の肉。特に、食用とされる牛の肉。,1. 牛肉。特指用于食用的牛肉。,A: 今日の夕食は何にしようか。B: 牛肉のステーキがいいと思うよ。,A: 今天晚餐吃什么好呢？B: 我想吃牛肉牛排。
563,猿,1. ニホンザル科の哺乳動物。,1. 日本猴科的哺乳动物。,A: あそこの公園に猿がいるよ！B: そうだね、見てみたいな。,A: 那个公园有猴子！B: 是啊，我也想看看。
564,猿,2. 活発で、愚かな人のたとえ。,2. 活泼而愚蠢的人的比喻。,A: あの子、やっぱり猿みたいに元気だね。B: うん、でもちょっと愚かそうなところもあるよね。,A: 那个孩子还是像猴子一样充满活力啊。B: 是啊，但是有点儿愚蠢的感觉。
565,白,1. 色合いが白い、色がない、明るい,1.白色，无色，明亮,A: 今日の新聞、白い紙に印刷されているから目が疲れるね。B: そうだね、電子版を読むといいよ。,A: 今天的报纸是在白纸上印刷的，所以眼睛很累。B: 是啊，最好看电子版。
566,白,2. まっさらな、何も書かれていない,2.空白，什么也没写,A: この書類、まだ記入されていないけど、提出しなくてはならないの？B: はい、提出期限までに必ず提出してください。空白でも受け付けますが。,A: 这份文件还没有填写，但是必须提交吗？B: 是的，请务必在截止日期前提交。即使空白也会接受。
567,白,3. 何もない、不在、欠席,3.没有，不在，缺席,A: あの人、今日は白だね。B: はい、会社に来ないと言っていたよ。,A: 那个人今天不在。B: 是的，他说不来公司了。
568,白,4. 偽物、贋作,4.假货，冒牌货,A: このブランドバッグ、本物？B: いいえ、白です。,A: 这个品牌包是真的吗？B: 不是，是假货。
569,白,5. 貧しい、物質的に欠乏している,5.贫穷，物质匮乏,A: あの人、洋服やバッグはいいのに、食事はいつもコンビニの弁当だよね。B: そうなんだよ。白なんだよ。,A: 那个人的衣服和包包很好，但彼却总是吃便利店的便当。B: 是啊，他很贫穷。
570,白い,1. 無彩色、光沢がない、白色である,1. 无色、无光泽、白色,A: このドレスは白いけど、透けてるからちょっと着づらいなあ。B: そうね、裏地を付けたら解決するかも。,A: 这件连衣裙是白色的，但因为有点透明所以穿起来有点困难。B: 是啊，如果加上衬里就好了。
571,白い,2. 純粋である、偽りがない、真実である,2. 纯洁的、无欺骗的、真实的,A: 彼は本当に優しい人だよ。B: 本当？ だけど、私が知ってるところでは、彼は裏があるみたいだよ。A: それは違うよ。彼は白い人だと思う。,A: 他真的是一个非常好的人。B: 是真的吗？但是，我所知道的是他好像有点阴暗。A: 不是这样的。我认为他是个纯洁的人。
572,皿,1. 食事に使う平たい容器,1.用于饮食的平底容器,A: この皿、とても可愛いね。B: そうだね、お気に入りの一つだよ。,A: 这个盘子很可爱啊。B: 是啊，是我最喜欢的之一。
573,皿,2. 表面が平たく広い物の形を表す語の一部,2. 描述表面平坦宽广的物体形状的一部分词汇,A: この池は広いね。B: そうだね、まるで巨大な皿のようだよ。,A: 这个池很宽广呢。B: 是啊，就像一个巨大的盘子一样。
574,着る,1. 衣服を身につける,1. 穿衣服,A: 今日、何を着ていく？B: ジーンズとTシャツを着ようと思っている。,A: 今天穿什么衣服去？B: 我想穿牛仔裤和T恤衫。
575,着る,2. （戦闘服・制服など）を身につける,2. 穿上（战斗服、制服等）,A: そろそろ練習着に着替えよう。B: 了解！,A: 快换练习服吧。B: 好的！
576,着る,3. （帽子・メガネなど）をかぶる・かける,3. 戴（帽子、眼镜等）,A: 今日は帽子を被って行こう。B: いいアイデアだね！,A: 今天戴帽子去吧。B: 好主意！
577,知る,1. 情報を得る、知っている、分かっている,1. 获取信息，知道，明白,A: あの新しい映画、見たことある？B: うん、見たよ。すごく面白かったよ。知ってた？,A: 那部新电影，看过吗？B: 看过了，非常有趣。你知道吗？
578,知る,2. 知り合いになる、親交を持つ,2. 结交朋友，交往,A: あの人、誰？B: 会社の上司の友達で、たまたま知り合ったんだ。,A: 那个人是谁？B: 是公司上司的朋友，我们偶然认识的。
579,知る,3. 経験する、体験する,3. 经历，体验,A: 来年の夏休み、どこに行くの？B: 海外旅行に行って、たくさん新しい文化を知りたいんだ。,A: 明年暑假要去哪里？B: 想去海外旅行，体验许多新的文化。
580,砂糖,1. 甘味料として使用される結晶状の粉末状の物質,1. 用作甜味剂的晶状或粉状物质,A: コーヒーに砂糖を入れますか？B: はい、2つ入れてください。,A: 咖啡要加糖吗？B: 是的，请加两个糖。
581,砂糖,2. 砂状の状態で存在する砂糖の原料,2. 砂状状态存在的糖的原料,A: 砂糖ってどうやって作られるの？B: 砂糖ビートという植物から作られるんだよ。,A: 糖是怎么做出来的？B: 从一种叫做甜菜的植物中制作出来的。
582,社,1. 会社、企業,1.公司、企业,A: あの社の社長は有名人だよね。B: そうだよ、経営手腕がすごいらしいよ。,A: 那个公司的社长很有名呢。B: 是啊，听说经营手腕很厉害。
583,社,2. 社会、一般的な集団,2.社会、普通群体,A: 社での新しい取り組み、どう思う？B: 個人的には非常に有望だと思います。,A: 关于公司的新尝试，你怎么看？B: 我个人认为非常有前途。
584,社,3. 神社、仏教寺院などの施設名に付ける接頭語,3. 用于神社、佛寺等设施名称的前缀,A: 今度、社参りに行きたいんだけど、行き方がわからないんだ。B: 地図を見ながら、行けば大丈夫だよ。,A: 我想去参拜神社，但是不知道怎么走。B: 边看地图边走应该没问题的。
585,社会,1. 人間の集団が築いた文明や文化、生活の様式などの総体。社会制度、社会生活などを含む。,1. 人类群体建立的文明、文化、生活方式等的总体。包括社会制度、社会生活等。,A: 社会問題って何だろう？B: たとえば、貧困や環境問題など、社会全体に影響を与える問題を指しますよ。,A: 社会问题是什么呢？B: 指对整个社会产生影响的问题，例如贫困和环境问题。
586,社会,2. 特定の範囲内にある共同体や組織のことを指す場合がある。,2. 有时指特定范围内的共同体或组织。,A: あの人はどんな社会に所属しているんだろう？B: 彼はスポーツクラブやNPO団体など、いろんな社会に入っているみたいよ。,A: 那个人属于什么社会呢？B: 他好像加入了各种各样的社会，如体育俱乐部和非营利组织等。
587,社員,1. 会社に所属している従業員、職員,1. 归属于公司的员工、职员,A: あの会社の社員さん、新しい人だね。B: そうだね、最近採用したんだって。,A: 那家公司的员工，是新来的吧。B: 对啊，最近招聘的。
588,社員,2. 社会の一員として、一定の義務を負っている人,2. 作为社会成员，负有一定义务的人,A: 彼は社員として、地域のイベントに参加しているそうだ。B: 社会貢献活動に参加するのは良いことだね。,A: 他作为社会成员参加了当地的活动。B: 参加社会贡献活动是好事。
589,社長,1. 会社の最高経営責任者,1. 公司的最高经营责任人,A: 今日は社長が来社するそうだよ。B: そうか、しっかり準備しよう。,A: 今天公司社长会来公司。B: 是吗，那我们要好好准备。
590,社長,2. 社員たちが上司に呼ぶ敬称,2. 员工们称呼上级领导的敬称,A: 社長、ちょっと相談があります。B: どうしたんだい？何かあったのか？,A: 社长，有点儿事情要商量一下。B: 怎么了？出了什么事吗？
591,神社,1. 神を祀る建物、またはその周辺の場所,1. 神社，或其周边的场所，用于祭祀神明。,A: 今日は神社に行ってお参りするつもりです。B: ああ、お守りを買うの？,A: 今天打算去神社参拜。B: 哦，要买护身符吗？
592,神社,2. 神社を管理する組織,2. 神社管理组织,A: その祭りはどこの神社のお祭りですか？B: ここは○○神社のお祭りですよ。,A: 这个节日是哪个神社的节日？B: 这里是XX神社的节日。
593,空港,1. 飛行機の発着する施設。,1. 飞机起降的设施。,A: 来週、羽田空港から旅行に行くんだ。B: そうなんだ、どこに行くの？,A: 下周从羽田机场去旅游。B: 是吗，去哪里？
594,空港,1. 飛行機の発着する施設。,1. 飞机起降的设施。,A: 空港で友達と待ち合わせするんだけど、どこで待てばいいの？B: 2番ゲートの前で待っていればいいよ。,A: 我在机场要和朋友会合，应该在哪里等？B: 在2号登机口前等就可以了。
595,答え,1. 問いに対して返事をすること,1.回答问题,A: これは何ですか？B: それはリンゴです。A: ありがとうございます、答えが欲しかったんです。,A: 这是什么？B: 那是一个苹果。A: 谢谢，我想知道答案。
596,答え,2. 事象の原因、理由。,2.事情的原因或理由。,A: なぜ彼女が怒っているのかわからない。B: 彼女に直接聞いてみたら、答えが出るかもしれないよ。,A: 不知道为什么她生气了。B: 试着直接问问她，或许能找到答案。
597,答える,1. 質問や要求に対して返事をする,1. 回答问题或要求,A: 何時に帰ってくる？B: ６時に帰るよ。,A: 什么时候回来？B: 6点回来。
598,答える,2. 問題に対して解決策を見つけ出す,2. 找出解决问题的办法,A: この問題についてどう思いますか？B: まだ答えを見つけ出せていませんが、少し考えてみます。,A: 你对这个问题怎么看？B: 还没找到答案，但我会想一下。
599,簡単,1. 複雑でなく、わかりやすい,1. 简单易懂,A: この説明書は簡単に書かれているね。B: そうだね、わかりやすいから助かるよ。,A: 这个说明书写得很简单。B: 是啊，容易理解，所以很有帮助。
600,簡単,2. 手間や労力が少なくて済む,2. 轻松省事,A: この料理は作り方が簡単だね。B: うん、材料も少ないし、簡単にできるよ。,A: 这道菜做法很简单。B: 是的，材料也不多，很容易做。
601,米,1. 穀物の一種で、主に食用となるもの。,1. 一种谷物，主要用于食用。,A: 昨日、スーパーで米を買ったんだ。B: そうか、また日本の米が食べられるね。,A: 昨天我在超市买了米。B: 噢，又可以吃到日本的米了。
602,米,2. 米国の略称。,2. 美国的简称。,A: 私、来年の春に米に留学することにしたんだ。B: へえ、アメリカに行くんだね。,A: 我明年春天决定去美国留学。B: 哦，你去美国啊。
603,紅茶,1. 紅茶の葉や粉をお湯で煎じて作る飲み物,1. 用热水冲泡红茶叶或茶粉所制成的饮料,A: 朝ごはんに紅茶を飲みますか？B: いいえ、コーヒーを飲みます。,A: 早饭喝红茶吗？B: 不，喝咖啡。
604,紅茶,2. 紅茶の色合いをした色,2. 红茶色，茶红色,A: 彼女のバッグ、色が素敵ね。B: そうでしょう。紅茶色っていうんです。,A: 她的包包颜色真漂亮。B: 是啊，是红茶色。
605,紹介,1. 誰かを別の人に紹介すること,1. 介绍某人给另一个人认识,A: この人は私の友達です。名前は田中さんです。B: はじめまして、私は李さんです。紹介してくれてありがとう。,A: 这个人是我的朋友。他叫田中。B: 你好，我是李。谢谢你介绍。
606,紹介,2. ある物事を他の人に紹介すること,2. 介绍一件事物给其他人认识,A: この映画はとても面白いよ。ぜひ見てほしい。B: ありがとう、紹介してくれてうれしい。,A: 这部电影非常有趣，一定要看看。B: 谢谢你介绍，我很高兴。
607,組,1. 二つ以上のものを集めて一つにすること。また、そうしてできたもの。,1. 把两个或两个以上的物品集合在一起形成一个整体。或者，这样形成的整体。,A: このパズルを組み立てるのは難しいね。B: そうだね、でも一緒にやればできるよ。,A: 拼装这个拼图很难呢。B: 是啊，但是如果一起做的话就可以完成了。
608,組,1. 二つ以上のものを集めて一つにすること。また、そうしてできたもの。,1. 把两个或两个以上的物品集合在一起形成一个整体。或者，这样形成的整体。,A: このパソコンの部品を組み合わせて新しいものを作れるんだって。B: すごいね、技術が必要そうだけど。,A: 据说可以将这台电脑的零件组合起来制作出新的东西。B: 太厉害了，但看起来需要技术啊。
609,組,2. 集まっている人や物の集まり。,2. 聚集在一起的人或物的集合。,A: このレストランは大人数でも対応できるの？B: はい、大丈夫です。組に分かれて座っていただくことができます。,A: 这个餐厅可以接待很多人吗？B: 可以，没问题。我们可以将您们分成几组坐。
610,組,2. 集まっている人や物の集まり。,2. 聚集在一起的人或物的集合。,A: 今日はクラスで発表があるから、組を作って準備しようよ。B: いいね、じゃあ私たちも組みましょう。,A: 今天班上有报告要做，我们来组成小组准备吧。B: 好的，那我们也来组一组吧。
611,結婚,1. 結婚すること。夫婦になること。,1. 结婚。成为夫妻。,A: 最近、妹が結婚するって本当？B: ええ、来月に挙式するんだって。,A: 最近听说妹妹要结婚了，是真的吗？B: 是的，下个月要举行婚礼。
612,結婚,2. 物事同士が合わさること。,2. 事物相互结合的事情。,A: この2つのプログラムを結婚させる方法ってある？B: そうだね、APIを使うと良いよ。,A: 这两个程序有方法可以结合吗？B: 对啊，可以使用API。
613,結婚式,1. 結婚式、婚礼,1. 婚礼,A: 明日は結婚式に出席するんだ。B: おめでとう！何か手伝うことがあったら言ってね。,A: 明天我要参加婚礼。B: 恭喜你！有什么需要帮忙的尽管说。
614,考える,1. 頭の中で思考する、考慮する,1. 在脑海中思考，考虑,A: どうしたらいいか、考えてみよう。B: そうだね、一緒に考えよう。,A: 想想应该怎么做。B: 好的，一起想吧。
615,考える,2. 観察して判断する,2. 观察并判断,A: あの人、私たちのことを考えていないように見えるけど、本当にそうかな？B: まずは彼の行動を見て、考えてみようよ。,A: 那个人似乎没有考虑我们的事情，但是真的是这样吗？B: 先看看他的行动，再想想吧。
616,考える,3. 考え出す、発想する,3. 想出，构思,A: 明日のプレゼンテーションのアイデアはどうする？B: まだ考え中だけど、何かいいアイデアが思いついたら教えるよ。,A: 明天的演讲要怎么办？B: 还在考虑中，如果有好的想法会告诉你的。
617,聞く,1. 耳で音を感じる。,1. 用耳朵听声音。,A: 今日の天気予報、聞いた？B: いや、まだ聞いてないよ。,A: 你听天气预报了吗？B: 没听呢。
618,聞く,2. 知る。情報を収集する。,2. 知道。收集信息。,A: 新しいレストランがオープンするらしいよ。B: そうなんだ。詳細を聞いておこう。,A: 好像有新餐厅开业。B: 是吗。听听详情吧。
619,聞く,2. 知る。情報を収集する。,2. 知道。收集信息。,A: 明日の会議の議題は何？B: それについては社長から聞いておいてね。,A: 明天的会议议程是什么？B: 关于这个你听听社长的意见吧。
620,聞く,3. 心にとめる。,3. 记在心里。,A: 今度の休みはどこか行くの？B: うーん、まだ決めてないんだけど、考えておくよ。A: わかった、聞いておくね。,A: 下次假期你打算去哪里？B: 嗯，还没决定，想一想。A: 好的，我记住了。
621,聞こえる,1. 耳で聞こえる、音が届く,1. 听得到声音,A: 電車の音が聞こえるね。B: そうだね、もうすぐ来るよ。,A: 听得到电车的声音。B: 是啊，马上就来了。
622,聞こえる,2. 話が伝わる、知らせが届く,2. 听到信息或消息,A: 彼の誕生日プレゼント、届いた？B: まだだけど、もうすぐ届くって聞こえたよ。,A: 他的生日礼物到了吗？B: 还没有，但是听说马上就到了。
623,聞こえる,3. 聞こえる気がする、感じる,3. 感觉能听到或听得见,A: 胃の音が聞こえる気がする。B: 本当に？ちゃんと食べてる？,A: 感觉听得到胃里的声音。B: 真的吗？是吃饱了吗？
624,自分,1. 自己、自分自身,1.自己,A: どうしてそんなに怒っているの？B: 自分のミスをしてしまったからだよ。,A: 为什么那么生气？B: 因为犯了自己的错误。
625,自分,2. 自己自身を表す言葉,2.表示自己的词语,A: キャンセル料がかかるって本当？B: 自分で確認するべきだと思うよ。,A: 真的会产生取消费用吗？B: 我认为应该自己确认一下。
626,自動車,1. オートバイや自転車を含めた、自己の動力で移動する乗り物。,1. 指自行驾驶的机动车辆，包括摩托车和自行车。,A: 自動車は免許が必要だよね。B: そうだよ。初めての人は、運転免許を取らないと運転できないよ。,A: 驾驶汽车需要驾照对吧？B: 对呀。初次驾车的人需要取得驾照才能驾驶。
627,自己紹介,1. 自分自身を紹介すること,1. 自我介绍,A: 初めまして、私は山田太郎です。B: 初めまして、私は鈴木花子です。自己紹介をよろしくお願いします。,A: 初次见面，我是山田太郎。B: 初次见面，我是铃木花子。请多关照。
628,自転車,1. 二輪の乗り物の一種で、足でこぎながら進む,1. 双轮自行车，踩脚踏板推进的交通工具,A: 昨日、自転車を買ったんだ。B: いいな、どこか遠くに行くつもり？,A: 昨天我买了一辆自行车。B: 真好，你打算去哪里骑？
629,自転車,2. 速度が速く、進行が順調であることを表す,2. 表示速度快、进展顺利,A: このプロジェクトの進捗はどう？B: 自転車操業だけど、なんとか間に合いそうだよ。,A: 这个项目的进展如何？B: 进度虽然快，但还是能按时完成的。
630,薬,1. 病気を治すための薬品。薬剤。,1. 治疗疾病的药品。,A: 頭痛がひどいんだけど、薬持ってる？B: ああ、ここにあるよ。,A: 头痛得很厉害，你带药了吗？B: 嗯，这里有。
631,薬,2. 効果的なもの。解決策。,2. 有效的东西。解决方案。,A: この問題の解決策は何かある？B: それはこの新しい技術が薬になるかもしれない。,A: 有没有解决这个问题的办法？B: 这个新技术可能会是一个解决方案。
632,薬指,人差し指と小指の間にある指。,中指。,A: 薬指に指輪つけてる人って多いよね。B: そうだね、私も薬指につけてる。,A: 很多人在中指上戴戒指吧。B: 是的，我也在中指上戴着。
633,親切,1. 思いやりがあり、他人に優しく接すること,1.对他人有关怀，友善的态度,A: 先生はいつも生徒に親切だね。B: そうだね、いつも相談に乗ってくれるよ。,A:老师总是对学生很亲切。B:是啊，他总是会帮助我们解决问题。
634,親切,2. 物事が扱いやすく、手間がかからないこと,2.方便易用，使用起来不费力,A: このカメラは使いやすいね。B: そうだね、親切設計になっているからね。,A:这个相机很好用。B:是啊，设计得很人性化，所以很方便。
635,親戚,1. 自分の家族以外の血縁者、またはその関係,1. 除自己家族以外的亲戚或亲戚关系,A: あの人は誰ですか？B: ああ、あの人は私の叔父の妻の妹の子供です。A: あなたには本当に多くの親戚がいるんだね！,A: 那个人是谁？B: 噢，那个人是我叔叔妻子的妹妹的孩子。A: 你真的有很多亲戚！
636,親戚,2. 広い範囲でつながった人びと,2. 广泛联系的人们,A: あなたはこの地域の親戚の人たちを知っていますか？B: はい、私たちの家族はこの地域にたくさんの親戚がいます。A: それは素晴らしいことですね。,A: 你认识这个地区的亲戚吗？B: 是的，我们家族在这个地区有很多亲戚。A: 那太棒了。
637,言葉,1. 口から出る音、音声。また、その音をまとめたもの。,1. 从口中发出的声音，音频。又指这些声音组成的整体。,A: この言葉はどういう意味ですか？B: それは「ありがとう」という意味です。,A: 这个词是什么意思？B: 那个是表示“谢谢”的意思。
638,言葉,1. 口から出る音、音声。また、その音をまとめたもの。,1. 从口中发出的声音，音频。又指这些声音组成的整体。,A: 彼女の言葉遣いはとても丁寧だね。B: そうだね、とても好感が持てる。,A: 她的用词非常客气。B: 是啊，让人觉得很好。
639,言葉,2. 意味をもった言葉。,2. 具有意义的话语。,A: この小説の言葉選びが素晴らしいと思わない？B: そうだね、読み手の感情をよく表現しているよね。,A: 你不觉得这本小说的用词很棒吗？B: 是的，能很好地表达读者的感情。
640,言葉,2. 意味をもった言葉。,2. 具有意义的话语。,A: この文化祭でスピーチをすることになったけど、何を話そうかな。B: 自分の思いを素直に言葉にして伝えるといいよ。,A: 我要在这个文化节上发表演讲，但是不知道该说什么好。B: 把自己的想法坦率地说出来传达出去就行了。
641,試験,1. 知識や技能の程度を測るために行うテスト,1. 用于衡量知识或技能水平的测试,A: 明日は数学の試験だよ。勉強はもう終わった？B: まだ全然終わってないよ。,A: 明天要考数学了。你已经学完了吗？B: 还完全没学呢。
642,試験,2. 新しいものや計画を実際に行ってみて、その成果や効果を確認すること,2. 实际执行新计划或事物以确认其效果和成果,A: 新しい商品の試験販売を始めたそうだね。B: ええ、市場でどのくらい受け入れられるか、確認したいそうだ。,A: 听说开始了新商品的试销。B: 是啊，想要确认市场对它的接受程度。
643,調べる,1.情報や事実を探し出す,1.查找信息或事实,A: この本、どこで買えるか調べてくれる？B: はい、調べます。,A: 你能查一下这本书在哪里能买到吗？B: 好的，我会查的。
644,調べる,2.物事を詳しく検査する,2.详细检查事物,A: この車のエンジンを調べてくれる？B: はい、すぐに調べます。,A: 你能检查一下这辆车的引擎吗？B: 好的，我会立即检查的。
645,警察,1. 公共の秩序を守り、犯罪を防止・取り締まる役割を持つ組織,1. 维护公共秩序、防止和打击犯罪的机构,A: 昨日、近所で盗難事件があったらしいよ。B: 本当？警察に連絡しておかないと。,A: 昨天好像发生了邻里的盗窃事件。B: 是吗？我们要联系警察。
646,警察,1. 公共の秩序を守り、犯罪を防止・取り締まる役割を持つ組織,1. 维护公共秩序、防止和打击犯罪的机构,A: 道路で車を運転中に、突然警察に止められた。B: 何か問題があったのかもしれないね。,A: 在路上开车时，突然被警察拦住了。B: 可能有什么问题。
647,警察,2. 警官、巡査,2. 警官、巡警,A: 昨日、警察に職務質問されたんだ。B: 何か怪しいことをしていたのかな。,A: 昨天被警察盘问了。B: 是不是做了什么奇怪的事。
648,警察,2. 警官、巡査,2. 警官、巡警,A: 駅前に警察がたくさんいるね。B: そうだね、何かあったのかも。,A: 在车站前有很多警察。B: 是啊，可能发生了什么事。
649,財布,1. お金やカードなどを入れる、持ち歩く小物。,1. 装钱、卡等物品的小手提包。,A: あの人、いつも高級な財布を持っているよね。B: そうだね。でも、高い財布を持っている人がいつも裕福とは限らないからね。,A: 那个人总是拿着高档的钱包呢。B: 是啊。但是持有昂贵的钱包的人并不总是富裕的。
650,財布,1. お金やカードなどを入れる、持ち歩く小物。,1. 装钱、卡等物品的小手提包。,A: 今日のお昼、私がおごるよ。B: ありがとう。でも、私は財布を忘れたから、後で返すね。,A: 今天午饭我请客。B: 谢谢。但是我忘记带钱包了，一会儿再还你钱。
651,質問,1. 疑問を投げかけること。,1. 提出问题。,A: この問題の答えが知りたいんだけど。B: それなら、先生に質問してみたら？,A: 我想知道这个问题的答案。B: 那你可以问问老师。
652,質問,2. 問い合わせること。,2. 询问。,A: 会議で質問があるんだけど。B: どんなことについてですか？,A: 会议上有问题要问。B: 关于什么问题？
653,質問,3. 不明点を尋ねること。,3. 询问不明确的问题。,A: 質問があるのですが、宜しいでしょうか？B: はい、どうぞ。,A: 我有问题想问，可以吗？B: 好的，请问。
654,趣味,1. 個人の好みや嗜好で行う、興味や楽しみ,1. 指个人喜好或嗜好，感兴趣或享受的活动,A: あなたの趣味は何ですか？B: 私の趣味は写真を撮ることです。,A: 你的爱好是什么？B: 我的爱好是拍照。
655,趣味,1. 個人の好みや嗜好で行う、興味や楽しみ,1. 指个人喜好或嗜好，感兴趣或享受的活动,A: 私は趣味で絵を描いています。B: すごいですね、見せてもらえますか？,A: 我以爱好画画为乐。B: 真厉害，能给我看看吗？
656,車,1. 乗り物の一種で、車輪を持ち、エンジンやモーターで動く自動車,1.一种交通工具，具有轮子，由发动机或电动机驱动的汽车。,A: 車を運転するのが好きですか？B: はい、週末によくドライブに行きます。,A: 你喜欢开车吗？B: 是的，我经常在周末出去兜风。
657,車,1. 自動車,1. 汽车,A: 車、買うんだって？B: うん、必要だからね。,A: 你要买车吗？B: 是啊，因为需要呀。
658,車,2. 車両全般を指す言葉,2.泛指车辆,A: 駅までどうやって行くの？B: 車で行くよ。,A: 去车站怎么走？B: 开车去。
659,車,2. 電車、バスなどの公共交通機関,2. 电车、公交车等公共交通工具,A: 今日は雨が降っているから、車で行こうか。B: 電車で行く方が便利じゃない？,A: 今天下雨了，我们坐车去吧。B: 坐电车不更方便吗？
660,車,3. 乗り物全般,3. 交通工具,A: 旅行は何で行くの？B: 飛行機と車を乗り継いで行くよ。,A: 旅行怎么去？B: 坐飞机，然后转乘汽车。
661,辞書,1. 言葉の意味や用法を説明する書物,1. 解释词语意义和用法的书籍,A: この漢字の意味が知りたいんだけど、辞書を見たらどうかな？B: そうね、この辞書に載っているはずだよ。,A: 我想知道这个汉字的意思，看看字典怎么样？B: 嗯，应该会在这本字典里。
662,辞書,2. 用語集、専門用語集、規則集などを含む書物,2. 包括术语集、专业术语集、规则集等的书籍,A: この辞書に載っている言葉以外にも、専門用語や規則が知りたいんだけど、どうすればいい？B: そういう場合は、専門分野の辞書を探すのがいいよ。,A: 除了这本字典上的单词，我还想了解专业术语和规则，怎么办？B: 这种情况下，最好找专业领域的辞书。
663,週,1. 1週間、7日間,1. 一周，七天,A: 来週の予定はどう？B: ああ、月曜日から金曜日まで出張だよ。A: そうか、じゃあ土日は休めるんだね。,A: 下周的计划怎么样？B: 啊，从周一到周五都要出差。A: 这样啊，那周末可以休息了。
664,週,1. 一週間、7日間の期間,1. 一周、七天的时间段,A: 来週の月曜日、会議があります。B: 分かりました。,A: 下周一有个会议。B: 我知道了。
665,週,2. 1週間の仕事、授業、生活のスケジュール,2. 一周的工作、课程、生活日程表,A: 今週の予定は何ですか？B: 月曜日は仕事、火曜日から金曜日まで授業です。A: なるほど、忙しい週ですね。,A: 本周的计划是什么？B: 周一上班，周二到周五上课。A: 哦，这周很忙啊。
666,週,2. 一週間の仕事の流れ、仕事のスケジュール,2. 一周的工作流程，工作时间表,A: 今週の週報を書いてるんだけど、来週のスケジュールはまだ未定だよね。B: そうだよ、今週中には決めたいと思ってる。,A: 我正在写本周报告，但下周的日程还没有确定吧。B: 是的，我希望在这周内决定。
667,週末,1. 週の終わり、土曜日と日曜日のこと,1. 周末，指星期六和星期日,A: 週末何するの？B: 家でゆっくり過ごす予定。,A: 周末干什么？B: 打算在家好好休息。
668,週末,2. 週に一度の定期的な休みの日,2. 每周固定的休息日,A: 今週末は何して過ごす？B: 友達と遊んだり、映画を見たりするつもりだ。,A: 这个周末要怎么度过？B: 打算和朋友玩或看电影。
669,週間,1. 1週間（7日間）の期間,1.一周（7天）的时间,A: あの人、今週末までにやらなければならない仕事があるそうだよ。B: そうか。今週末までには週間報告も提出しなければならないから、忙しいんだろうね。,A: 那个人好像必须在这个周末之前完成工作。B: 是吗？因为这个周末还必须提交周报，所以可能很忙吧。
670,週間,2. 1週間間隔であること,2. 以1周为间隔的状态或时间,A: 彼女と週間に1回デートするんだ。B: いいね。それで彼女とのコミュニケーションもしっかりとれるし。,A: 我和女朋友每周约会一次。B: 很好啊。这样和女友的交流也可以充分保证。
671,酒,1. アルコール飲料。主にビール、ワイン、日本酒、焼酎などがある。,1. 酒。主要包括啤酒、葡萄酒、日本清酒、烧酒等。,A: このビールはアルコール度数が高いね。B: そうだね、でも美味しいから。,A: 这个啤酒的酒精度数很高啊。B: 是啊，但是很好喝。
672,酒,1. アルコール飲料。主にビール、ワイン、日本酒、焼酎などがある。,1. 酒。主要包括啤酒、葡萄酒、日本清酒、烧酒等。,A: 飲み会で何か飲みたいですか？B: 日本酒が飲みたいです。,A: 想在聚会上喝点什么吗？B: 想喝清酒。
673,酒,1. アルコール飲料の一種であることを示す。,1. 表示一种酒精饮料。,A: この店のお酒はどう？B: 知りませんが、ワインと日本酒があると思います。,A: 这家店的酒怎么样？B: 不清楚，我想应该有红酒和清酒。
674,酒,2. 酒を飲むこと。,2. 喝酒。,A: 昨日、会社の上司と飲みに行ったんだ。B: どこの居酒屋に行ったの？,A: 昨天和公司的上司一起去喝酒了。B: 去哪家居酒屋了？
675,酒,2. 酒宴、宴会。,2. 酒席、宴会。,A: 来週、社員旅行で宴会があるんだ。B: それって酒盛りもあるの？,A: 下周公司组织了员工旅游，还有酒席呢。B: 那会有酒宴吗？
676,酒,2. 酒宴、宴会。,2. 酒席、宴会。,A: 結婚式の二次会は酒が飲めない人もいるから、カクテルがメインになるよ。B: そうなんだ、でも私は日本酒が飲みたかったな。,A: 婚礼的二次会也有不能喝酒的人，所以以鸡尾酒为主。B: 是啊，但我想喝清酒。
677,金,1. 貨幣としての金、金銭,1. 金钱,A: 彼女は金持ちだ。B: そうなんだ。でもお金が全てじゃないよね。,A: 她很有钱。B: 是啊，但钱不是一切。
678,金,2. 金属元素のひとつ,2. 金属元素,A: 金ってどうやって採掘するの？B: 主に地下鉱脈から採掘するんだ。,A: 黄金是怎么采集的？B: 主要是从地下矿脉中采掘出来的。
679,金,3. 価値の高いもの、宝物,3. 有价值的物品、宝贝,A: あの時計、高級ブランドのものだよね。B: そうだよ、彼女の大切な金の一つなんだ。,A: 那个手表是高级品牌的吧。B: 对的，那是她重要的财产之一。
680,金曜,1. 週の中で、木曜日と土曜日の間にある曜日,1. 星期五,A: 金曜日は何をする予定？B: 映画を見に行くつもりだ。,A: 星期五有什么计划？B: 打算去看电影。
681,金曜日,1. 週の中で、木曜日の後に来る曜日,1. 一周的第五天，在星期四之后,A: 今日は何曜日？B: 金曜日だよ。,A: 今天是星期几？B: 是星期五。
682,銀座,1. 東京都中央区にある繁華街で、高級ブランド店や百貨店などが立ち並ぶ商業地域。,1. 银座是东京都中央区的繁华商业区，有许多高档品牌店和百货公司。,A: 来週、銀座で友達と会う予定があるんだ。B: いいなあ、私も行きたいな。,A: 下周我和朋友有在银座见面的约定。B: 羡慕，我也想去。
683,銀行,1. 預金や貸付業務などを行う金融機関,1. 进行存款和贷款业务的金融机构,A: 明日、銀行に行くつもりだ。B: 何か用事があるの？,A: 明天我打算去银行。B: 有什么事吗？
684,銀行,2. 公共の金庫、公金の管理機関,2. 公共金库，公款管理机构,A: この町の予算はどこから出ているの？B: 市役所から出ているよ。市の銀行口座に入っている。,A: 这个城镇的预算是从哪里出来的？B: 是市政府出的，存在市政府的银行账户中。
685,閉まる,1. 閉じる、閉じること,1. 关闭，关闭的状态,A: 窓を閉めた方がいいよ。B: そうだね、寒くなるから。,A: 最好把窗户关上。B: 是啊，因为天气要变冷了。
686,閉まる,2. 閉じることによって隙間がなくなる,2.因关闭而无间隙,A: このドアは完全に閉まっていますか？B: はい、完全に閉まっています。,A: 这扇门完全关闭了吗？B: 是的，完全关闭了。
687,閉まる,3. 閉じることによって営業時間が終わる,3.因闭店而结束营业时间,A: あの店は何時に閉まるの？B: ９時に閉まります。,A: 那家店什么时候关门？B: 9点关门。
688,閉める,1. 閉じる、閉鎖する,1. 关闭、关闭,A: 窓を閉めてくれる？風邪ひくよ。B: 了解。,A: 帮我关上窗户吧？会感冒的。B: 好的。
689,閉める,2. (目、口など)を閉じる,2. （眼、嘴巴等）合上,A: 目を閉めて、深呼吸してみて。B: はい、分かりました。,A: 闭上眼睛，深呼吸。B: 好的，我知道了。
690,閉める,3. 完了する、終了する,3. 完成、结束,A: 仕事はもう閉めた？B: はい、今日はこれで終わりです。,A: 工作做完了吗？B: 是的，今天结束了。
691,雑誌,1. 毎週、毎月、あるいは隔月に発行される、一定の範囲の記事を掲載した印刷物,1. 每周、每月或隔月发行的、刊载一定范围文章的印刷品,A: この雑誌、面白いよね。B: そうだね、毎号楽しみにしてる。,A: 这本杂志很有意思。B: 是啊，每期都期待着。
692,雑誌,1. 毎週、毎月、あるいは隔月に発行される、一定の範囲の記事を掲載した印刷物,1. 每周、每月或隔月发行的、刊载一定范围文章的印刷品,A: 私は毎月、この雑誌を購読している。B: ああ、それはいいね。,A: 我每月都订阅这本杂志。B: 噢，那很不错。
693,雲,1. 空に浮かぶ水蒸気が固まったもの。,1.在空中漂浮的水蒸气凝结而成的物体。,A: あの雲、うさぎに見えるね。B: そうだね、私も見えた。,A: 那朵云看起来像兔子。B: 是啊，我也看到了。
694,雲,2. 多数のものが集まってできるもの。,2. 由多个东西聚集而成的东西。,A: 昨日のテストで、雲泥の差があった。B: ええ、ちょっと頑張らないとダメだね。,A: 昨天的考试成绩相差很大。B: 是的，需要多加努力。
695,静か,1. うるさくない、音がしない、静寂な,1. 安静的，没有声音的，寂静的,A: この部屋は静かだね。B: そうだね、外の騒音が全然聞こえないよ。,A: 这个房间很安静。B: 是的，完全听不到外面的噪音。
696,静か,2. 人が物静かで、落ち着いている,2.人安静、冷静,A: 彼女って静かだよね。B: そうだね、いつも冷静で、落ち着いているよ。,A: 她很安静吧。B: 是啊，总是很冷静，很稳重。
697,靴,1. 足を守るための履物。くつ。,1. 保护脚的穿着物。鞋。,A: 今日は靴を買いに行きたいんだけど、一緒に行ってくれる？,A: 今天想去买鞋，你能陪我去吗？
698,靴,1. 足を守るための履物。くつ。,1. 保护脚的穿着物。鞋。,A: 靴を脱がないで、家の中に入っちゃ駄目よ。,A: 不要穿着鞋进家里。
699,靴,2. 靴型のもの。,2. 鞋子形状的物品。,A: あの人の靴はとてもおしゃれでしょう？,A: 那个人的鞋子很时髦，不是吗？
700,靴,2. 靴型のもの。,2. 鞋子形状的物品。,A: この靴型の花瓶は、とてもかわいいね。,A: 这个鞋子形状的花瓶非常可爱。
701,靴下,1. 足を覆う衣類。くつした。,1.覆盖脚部的衣物。袜子。,A: 靴下を洗うのを忘れた。B: もう洗濯機に入れたから大丈夫。,A: 忘了洗袜子了。B: 已经放进洗衣机里了，没问题。
702,韓国,1. 朝鮮半島の南側に位置する国,1. 位于朝鲜半岛南部的国家,A: 韓国には行ったことがある？B: いいえ、まだ行ったことがありません。,A: 你去过韩国吗？B: 没有，我还没去过。
703,韓国,2. 韓国人に関する、または韓国文化に関する,2. 有关韩国人或韩国文化的,A: 彼女は韓国ドラマが好きみたいだよ。B: そうなんだ、私も韓国ドラマが好きだよ。,A: 她好像喜欢看韩剧。B: 是啊，我也很喜欢韩剧。
704,頑張る,1. 一生懸命に努力する、がんばる,1. 努力拼搏,A: この試験、難しいけど頑張ろう。B: そうだね、頑張って合格したいね。,A: 这个考试很难，但是我们要努力。B: 是的，我们要努力通过考试。
705,頑張る,2. 困難に立ち向かう、踏ん張る,2. 直面困难，坚持不懈,A: 仕事が忙しそうだけど、頑張ってね。B: うん、困難があっても頑張ります。,A: 工作看起来很忙，但是加油。B: 嗯，即使面临困难，我也会坚持下去。
706,食事,1. 食べること、食べ物を摂ること,1.吃饭、进食,A: 食事の準備はもうできた？B: はい、もうできているよ。,A: 饭做好了吗？B: 嗯，已经做好了。
707,食事,2. 食事会、食事を共にすること,2.吃饭、共进晚餐,A: 今晩、一緒に食事に行かない？B: いいよ、どこかおすすめのレストランある？,A: 今晚一起出去吃饭吧？B: 好啊，你有什么推荐的餐厅吗？
708,食堂,1. 学校や会社などで食事をする場所,1. 学校或公司等提供用餐场所,A: 今日の昼食は食堂で食べますか？B: はい、そうです。,A: 今天的午餐在食堂吃吗？B: 是的，是在食堂吃。
709,食堂,2. 大衆食堂、定食屋,2. 大众食堂、套餐店,A: 食堂で何かおいしいものが食べたいな。B: オススメはカレーライスですよ。,A: 我想在食堂吃点好吃的东西。B: 推荐的是咖喱饭。
710,館,1. 建物の名称。公共の建物や施設を指すことが多い。,1.建筑物的名称。通常用于指公共建筑或设施。,A: 明治神宮に行ったことがある？B: ああ、あそこの美術館は素晴らしいよ。,A: 你去过明治神宫吗？B: 嗯，那里的美术馆非常棒。
711,館,2. 宿泊施設の名称。,2.住宿设施的名称。,A: 旅行の予定があるんだけど、良いホテルを知ってる？B: ああ、私は最近、新しいホテルができた温泉旅館に泊まったよ。,A: 我计划去旅行，你知道好的旅馆吗？B: 噢，我最近住过一个新建的温泉旅馆。
712,首,1. 頭と首のつながり部分,1. 头和颈的连接部分,A: 首が痛いんだけど、軽いマッサージしてくれる？B: いいよ、ちょっとここを押したら？,A: 我的脖子疼，能轻轻按摩一下吗？B: 好的，这里按一下怎么样？
713,首,2. 最も大切な地位、地位の高い人,2. 最重要的地位，地位最高的人,A: 今日の会議で、彼は首席に選ばれた。B: そうなんだ、彼は優秀だから当然だね。,A: 他在今天的会议上当选为首席。B: 是吗，他很优秀，这是当然的。
714,高校,1. 高等学校、高校,1. 高中、高等学校,A: 君はどこの高校に通っているの？B: 東京都立高校に通っています。,A: 你在哪个高中上学？B: 我在东京都立高中上学。
715,高校,2. 高い所、高所,2. 高处、高地,A: 山登りが好きなの？B: はい、高校から山登りをするようになりました。,A: 你喜欢爬山吗？B: 是的，我从高中开始爬山。
716,高校生,1. 高等学校に在籍している生徒,1. 在高中就读的学生,A: 娘はもう高校生なんだって。B: 早いものだね。,A: 女儿已经是高中生了。B: 时间过得真快啊。
717,高校生,2. 高等学校に進学する予定の中学生,2. 打算升入高中的中学生,A: 弟は来年高校生になるんだ。B: おめでとう！何の部活動に入るのかな？,A: 我弟弟明年就是高中生了。B: 恭喜！他打算参加什么社团呢？
718,魚,1. 水中に棲む脊椎動物の総称,1. 水中脊椎动物的总称,A: 今日のお昼は何が食べたい？B: 寿司が食べたい。魚が好きだから。,A: 今天中午想吃什么？B: 想吃寿司。因为我喜欢鱼。
719,魚,2. 魚の肉,2. 鱼肉,A: 夕食に魚を作ろうと思っているんだ。B: 何の魚を作るつもりなの？,A: 我想做鱼当晚餐。B: 想做什么鱼？
720,黄色,1. 黄色い色,1. 黄色,A: この花、きれいだね。B: うん、黄色い花って珍しいから特別だよ。,A: 这朵花真漂亮。B: 是啊，黄色的花不太常见，所以特别。
721,黄色,2. 退色して色あせた状態,2.褪色,A: このTシャツ、色が変わったね。B: うん、日光に当たって黄色くなっちゃった。,A: 这件T恤变色了。B: 是啊，曝晒在阳光下变成了黄色。
722,黄色い,1. 黄色がかった色をしている,1. 呈黄色调的颜色,A: あの花、きれいだね。B: うん、黄色い花っていいよね。,A: 那朵花真漂亮啊。B: 是啊，黄色的花真好看。
723,黄色い,2. 怒ったり嫉妬したりした気持ちで顔が黄色くなる,2. 因愤怒或嫉妒而脸色变黄,A: あの人、何で怒ってるのかな？B: どうやら黄色い顔をしているから、何かあったみたいだよ。,A: 那个人为什么生气啊？B: 他的脸色变黄了，看起来好像出了什么事情。
724,黒,1. 黒色の,1.黑色的,A: あの子のジャケット、黒いね。B: そう、それが似合ってるんだ。,A: 那个孩子的夹克是黑色的。B: 是啊，他很适合这个颜色。
725,黒,2. くすんだ色、暗い色,2.暗淡的颜色，暗色调,A: 彼女はいつも黒を着ているね。B: そうだね、黒が好きなんだと思う。,A: 她总是穿黑色的衣服。B: 是啊，我觉得她喜欢黑色。
726,黒,3. くすんだ、暗い,3.暗淡的，黑暗的,A: この部屋は暗いね。B: そうだね、窓からあまり光が入らないから。,A: 这个房间很暗。B: 是啊，因为窗户没有太多光线进来。
727,黒,4. 悪い、邪悪な,4.坏的，邪恶的,A: あの人、ちょっと怖い感じがするね。B: そうだね、何か黒い部分があるみたい。,A: 那个人有点让人害怕的感觉。B: 是啊，好像有一些邪恶的地方。
728,黒い,1. 黒色の、暗い色の,1.黑色的、暗色的,A: そのペンは黒いね。B: そう、でも私は青いペンの方が好き。,A: 那支笔是黑色的。B: 是啊，但我更喜欢蓝色的笔。
729,黒い,2. 悪い、邪悪な,2. 恶、邪恶的,A: あの人、怖い顔してるね。B: うん、黒い感じがする。,A: 那个人的脸好可怕啊。B: 对啊，感觉好邪恶。
730,黒い,3. 不吉な、災いの,3. 不祥的、带来灾难的,A: あの場所には行きたくない。B: そうだね、何か黒いものを感じる。,A: 我不想去那个地方。B: 是啊，感觉有些不祥。
